archetype;format;total_appearances;average_placement;best_placement;worst_placement;tournaments
Dragapult Meowth;City League (JP);217;8,06;1;16;"19 Mar 26 - BOOKOFF奈良法華寺店 - Nara; 21 Mar 26 - トレカショップKCC - Saitama; 18 Mar 26 - BOOKOFFSUPERBAZAAR54号広島八木店 - Hiroshima; 23 Mar 26 - 秋葉原チェルモ - Tōkyō; 20 Mar 26 - トーナメントセンターバトロコ　高田馬場 - Tōkyō; 22 Mar 26 - トレカショップVOW - Shiga; 14 Mar 26 - Duel Stade Ganryu　高崎店 - Gunma; 20 Mar 26 - 遊ING　熊本上通り店 - Kumamoto; 15 Mar 26 - ポケ堂　仙台店 - Miyagi; 22 Mar 26 - 竜星のPAO　大宮店 - Saitama; 15 Mar 26 - トーナメントセンターバトロコ　横浜伊勢佐木町 - Kanagawa; 22 Mar 26 - フルコンプPLAYERS CENTER札幌駅前店 - Hokkaido; 20 Mar 26 - BOOKOFFSUPERBAZAARノースポート・モール店 - Kanagawa; 21 Mar 26 - BOOKOFFSUPERBAZAAR大宮ステラタウン店 - Saitama; 15 Mar 26 - BOOKOFF SUPER BAZAAR 松戸駅東口店 - Chiba; 21 Mar 26 - 青馬堂本店 - Kanagawa; 20 Mar 26 - 竜星の嵐　名古屋店 - Aichi; 22 Mar 26 - トイコンプ高槻店 - Ōsaka; 22 Mar 26 - カードショップ裁龍 - Ibaraki; 15 Mar 26 - トーナメントセンターバトロコ　新津田沼駅前 - Chiba; 20 Mar 26 - ブックオフプラス浜北店 - Shizuoka; 22 Mar 26 - バトロコミニ前橋文京店 - Gunma; 22 Mar 26 - Wonder GOO　足利店 - Tochigi; 14 Mar 26 - ゲームアーク　丸亀店 - Kagawa; 18 Mar 26 - GIRAFULL京都店 - Kyōto; 17 Mar 26 - トーナメントセンターバトロコ　柏駅前 - Chiba; 20 Mar 26 - ドラゴンスター池袋店 - Tōkyō; 20 Mar 26 - 竜星の嵐　高松店 - Kagawa; 14 Mar 26 - トーナメントセンターバトロコ　本厚木駅前 - Kanagawa; 14 Mar 26 - カードショップ竜星のPAO多摩境店 - Tōkyō; 14 Mar 26 - GIRAFULL 広島ドンキ店 - Hiroshima; 15 Mar 26 - トイニティ長岡E・PLAZA店 - Niigata; 20 Mar 26 - トレカショップKCC - Saitama; 20 Mar 26 - トイコンプ　住道店 - Ōsaka; 15 Mar 26 - 【CARDBOX】津店 - Mie; 20 Mar 26 - ブックエースTSUTAYA　勝田東石川店 - Ibaraki; 15 Mar 26 - トレカステーション佐鳴台店 - Shizuoka; 15 Mar 26 - BOOKOFF奈良法華寺店 - Nara; 22 Mar 26 - BOOKOFF 250号東岡山店 - Okayama; 17 Mar 26 - トレカショップ　スキップ玉出店 - Ōsaka; 15 Mar 26 - フルコンプ　PLAYERS CENTER　八王子本店 - Tōkyō; 22 Mar 26 - トレカショップ竜のしっぽ　姫路店 - Hyōgo; 21 Mar 26 - フルコンプ千葉店 - Chiba; 22 Mar 26 - BOOKOFF SUPER BAZAAR 1号京都伏見店 - Kyōto; 14 Mar 26 - オレタン福岡天神店 - Fukuoka; 15 Mar 26 - 【CARDBOX】Booksあんとく　三潴店 - Fukuoka; 14 Mar 26 - BOOKOFFSUPERBAZAAR町田中央通り店 - Tōkyō; 22 Mar 26 - 【CARDBOX】カードボックス　福山店 - Hiroshima; 15 Mar 26 - カードショップリドル京急蒲田店 - Tōkyō; 21 Mar 26 - 蔦屋書店　茂原店 - Chiba; 21 Mar 26 - トーナメントセンターバトロコ　新津田沼駅前 - Chiba; 15 Mar 26 - 竜星のPAO　八王子店 - Tōkyō; 22 Mar 26 - 竜星の嵐　小倉駅前店 - Fukuoka; 22 Mar 26 - Duel Stade Ganryu　ひたち野うしく店 - Ibaraki; 20 Mar 26 - TSUTAYA土佐道路店 - Kōchi; 14 Mar 26 - カードショップリドル京急蒲田店 - Tōkyō; 14 Mar 26 - 三洋堂書店 星川店 - Mie; 21 Mar 26 - トーナメントセンターバトロコ　川崎駅前 - Kanagawa; 20 Mar 26 - TCG桜華 - Ehime; 22 Mar 26 - トレカステーション領家店 - Shizuoka; 22 Mar 26 - トーナメントセンターバトロコ　川越駅前 - Saitama; 20 Mar 26 - フルコンプ　PLAYERS CENTER　八王子本店 - Tōkyō; 20 Mar 26 - カードショップ竜星のPAO　立川店 - Tōkyō; 18 Mar 26 - Card Secret - Tōkyō; 23 Mar 26 - BOOKOFF SUPER BAZAAR 307号枚方池之宮店 - Ōsaka; 14 Mar 26 - 【CARDBOX】玉島店 - Okayama; 20 Mar 26 - カードショップ＠ほ～む。鹿児島店 - Kagoshima; 15 Mar 26 - BOOKOFF　イオン橋本 - Kanagawa; 20 Mar 26 - GIRAFULLなんば店 - Ōsaka; 14 Mar 26 - BOOKOFFSUPERBAZAARアクロスプラザ佐世保店 - Nagasaki; 16 Mar 26 - トレカショップVOW - Shiga; 17 Mar 26 - 【CARDBOX】青馬堂矢向店 - Kanagawa; 22 Mar 26 - 宝島　長久手店 - Aichi; 15 Mar 26 - ビデオ100　徳島藍住店 - Tokushima; 22 Mar 26 - バトスタ長野駅前店 - Nagano; 20 Mar 26 - TSUTAYA光吉店 - Ōita; 22 Mar 26 - 三洋堂書店　みのかも店 - Gifu; 22 Mar 26 - トーナメントセンターバトロコ　柏駅前 - Chiba; 15 Mar 26 - BOOKOFFSUPERBAZAARノースポート・モール店 - Kanagawa; 15 Mar 26 - カードスタジアム小禄店 - Okinawa; 15 Mar 26 - トーナメントセンターバトロコ　水戸駅前 - Ibaraki; 22 Mar 26 - チェルモサード - Kanagawa; 14 Mar 26 - ブックオフ イトーヨカドー溝ノ口店 - Kanagawa; 22 Mar 26 - TSUTAYA三島店 - Shizuoka; 15 Mar 26 - 王の洞窟jr.　一宮２２号バイパス店 - Aichi; 20 Mar 26 - 宝島　可児店 - Gifu; 14 Mar 26 - 宝島　岐阜本店 - Gifu; 18 Mar 26 - ドラゴンスター日本橋2号店 - Ōsaka; 15 Mar 26 - チェルモサード - Kanagawa; 22 Mar 26 - 【CARDBOX】Super KaBoS 敦賀店 - Fukui; 21 Mar 26 - ブックオフ　札幌南2条店 - Hokkaido; 19 Mar 26 - ドラゴンスター町田店 - Tōkyō; 21 Mar 26 - Card Secret - Tōkyō; 21 Mar 26 - トーナメントセンターバトロコ新潟万代 - Niigata; 21 Mar 26 - 宝島　高蔵寺店 - Aichi"
Mega Lucario Hariyama;City League (JP);122;7,67;1;16;"21 Mar 26 - トレカショップKCC - Saitama; 23 Mar 26 - 秋葉原チェルモ - Tōkyō; 14 Mar 26 - トレカショップKCC - Saitama; 20 Mar 26 - トーナメントセンターバトロコ　高田馬場 - Tōkyō; 14 Mar 26 - BOOKOFF SUPER BAZAAR 307号枚方池之宮店 - Ōsaka; 22 Mar 26 - トレカショップVOW - Shiga; 22 Mar 26 - フルコンプPLAYERS CENTER札幌駅前店 - Hokkaido; 20 Mar 26 - BOOKOFFSUPERBAZAARノースポート・モール店 - Kanagawa; 21 Mar 26 - BOOKOFFSUPERBAZAAR大宮ステラタウン店 - Saitama; 15 Mar 26 - BOOKOFF SUPER BAZAAR 松戸駅東口店 - Chiba; 15 Mar 26 - トーナメントセンターバトロコ　高崎駅前 - Gunma; 21 Mar 26 - 青馬堂本店 - Kanagawa; 20 Mar 26 - TSUTAYA西友町田店 - Tōkyō; 20 Mar 26 - 竜星の嵐　名古屋店 - Aichi; 15 Mar 26 - トーナメントセンターバトロコ　新津田沼駅前 - Chiba; 22 Mar 26 - 【CARDBOX】本の王国すまいるキング　安城店 - Aichi; 22 Mar 26 - バトロコミニ前橋文京店 - Gunma; 22 Mar 26 - Wonder GOO　足利店 - Tochigi; 20 Mar 26 - ブックオフプラス浜北店 - Shizuoka; 18 Mar 26 - GIRAFULL京都店 - Kyōto; 14 Mar 26 - ゲームアーク　丸亀店 - Kagawa; 20 Mar 26 - ドラゴンスター池袋店 - Tōkyō; 14 Mar 26 - カードショップ竜星のPAO多摩境店 - Tōkyō; 14 Mar 26 - GIRAFULL 広島ドンキ店 - Hiroshima; 15 Mar 26 - トイニティ長岡E・PLAZA店 - Niigata; 20 Mar 26 - トイコンプ　住道店 - Ōsaka; 15 Mar 26 - 【CARDBOX】津店 - Mie; 16 Mar 26 - TSUTAYA西友町田店 - Tōkyō; 20 Mar 26 - ブックエースTSUTAYA　勝田東石川店 - Ibaraki; 15 Mar 26 - トレカステーション佐鳴台店 - Shizuoka; 15 Mar 26 - BOOKOFF奈良法華寺店 - Nara; 22 Mar 26 - BOOKOFF 250号東岡山店 - Okayama; 20 Mar 26 - 三洋堂書店　乙川店 - Aichi; 19 Mar 26 - ドラゴンスター日本橋3号店 - Ōsaka; 22 Mar 26 - トレカショップ竜のしっぽ　姫路店 - Hyōgo; 20 Mar 26 - ブックオフ　西尾下町店 - Aichi; 22 Mar 26 - BOOKOFF SUPER BAZAAR 1号京都伏見店 - Kyōto; 14 Mar 26 - オレタン福岡天神店 - Fukuoka; 15 Mar 26 - 【CARDBOX】Booksあんとく　三潴店 - Fukuoka; 14 Mar 26 - BOOKOFFSUPERBAZAAR町田中央通り店 - Tōkyō; 22 Mar 26 - 【CARDBOX】カードボックス　福山店 - Hiroshima; 15 Mar 26 - カードショップリドル京急蒲田店 - Tōkyō; 21 Mar 26 - 蔦屋書店　茂原店 - Chiba; 21 Mar 26 - トーナメントセンターバトロコ　新津田沼駅前 - Chiba; 15 Mar 26 - 竜星のPAO　八王子店 - Tōkyō; 22 Mar 26 - Duel Stade Ganryu　ひたち野うしく店 - Ibaraki; 15 Mar 26 - ドラゴンスター神戸三宮店 - Hyōgo; 20 Mar 26 - TSUTAYA土佐道路店 - Kōchi; 16 Mar 26 - ドラゴンスター秋葉原駅前店 - Tōkyō; 14 Mar 26 - 三洋堂書店 星川店 - Mie; 22 Mar 26 - トーナメントセンターバトロコ　川越駅前 - Saitama; 20 Mar 26 - フルコンプ　PLAYERS CENTER　八王子本店 - Tōkyō; 20 Mar 26 - カードショップ竜星のPAO　立川店 - Tōkyō; 18 Mar 26 - Card Secret - Tōkyō; 23 Mar 26 - BOOKOFF SUPER BAZAAR 307号枚方池之宮店 - Ōsaka; 17 Mar 26 - トレカショップ竜のしっぽ　布施店 - Ōsaka; 14 Mar 26 - 【CARDBOX】玉島店 - Okayama; 15 Mar 26 - BOOKOFF　イオン橋本 - Kanagawa; 14 Mar 26 - BOOKOFFSUPERBAZAARアクロスプラザ佐世保店 - Nagasaki; 22 Mar 26 - 宝島　長久手店 - Aichi; 22 Mar 26 - バトスタ長野駅前店 - Nagano; 15 Mar 26 - TSUTAYA嵐山店 - Saitama; 20 Mar 26 - TSUTAYA光吉店 - Ōita; 22 Mar 26 - 三洋堂書店　みのかも店 - Gifu; 22 Mar 26 - トーナメントセンターバトロコ　柏駅前 - Chiba; 14 Mar 26 - ブックオフプラス　田富昭和通り店 - Yamanashi; 22 Mar 26 - チェルモサード - Kanagawa; 14 Mar 26 - ドラゴンスター日本橋3号店 - Ōsaka; 22 Mar 26 - TSUTAYA三島店 - Shizuoka; 20 Mar 26 - 宝島　可児店 - Gifu; 14 Mar 26 - 宝島　岐阜本店 - Gifu; 18 Mar 26 - ドラゴンスター日本橋2号店 - Ōsaka; 15 Mar 26 - チェルモサード - Kanagawa; 21 Mar 26 - 【CARDBOX】おもちゃのバンビ　本郷店 - Toyama; 21 Mar 26 - ブックオフ　札幌南2条店 - Hokkaido; 14 Mar 26 - BOOKOFF SUPER BAZAAR 248号西友岡崎店 - Aichi; 21 Mar 26 - Wonder GOO　入間店 - Saitama; 21 Mar 26 - 宝島　高蔵寺店 - Aichi"
Dragapult Dusknoir;City League (JP);101;9,05;1;16;"20 Mar 26 - 竜星の嵐　高松店 - Kagawa; 15 Mar 26 - ビデオ100　徳島藍住店 - Tokushima; 14 Mar 26 - トレカショップKCC - Saitama; 14 Mar 26 - GIRAFULL 広島ドンキ店 - Hiroshima; 15 Mar 26 - トイニティ長岡E・PLAZA店 - Niigata; 15 Mar 26 - TSUTAYA嵐山店 - Saitama; 20 Mar 26 - トレカショップKCC - Saitama; 20 Mar 26 - TSUTAYA光吉店 - Ōita; 22 Mar 26 - 三洋堂書店　みのかも店 - Gifu; 20 Mar 26 - トーナメントセンターバトロコ　高田馬場 - Tōkyō; 14 Mar 26 - ブックオフプラス　田富昭和通り店 - Yamanashi; 18 Mar 26 - GIRAFULL京都店 - Kyōto; 22 Mar 26 - チェルモサード - Kanagawa; 15 Mar 26 - トーナメントセンターバトロコ　水戸駅前 - Ibaraki; 15 Mar 26 - ドラゴンスター神戸三宮店 - Hyōgo; 15 Mar 26 - 【CARDBOX】津店 - Mie; 14 Mar 26 - カードショップリドル京急蒲田店 - Tōkyō; 14 Mar 26 - BOOKOFF SUPER BAZAAR 307号枚方池之宮店 - Ōsaka; 22 Mar 26 - トレカショップVOW - Shiga; 15 Mar 26 - TSUTAYA BOOKSTORE　そよら成田ニュータウン - Chiba; 22 Mar 26 - Duel Stade Ganryu　ひたち野うしく店 - Ibaraki; 15 Mar 26 - トレカステーション佐鳴台店 - Shizuoka; 14 Mar 26 - ドラゴンスター日本橋3号店 - Ōsaka; 22 Mar 26 - TSUTAYA三島店 - Shizuoka; 15 Mar 26 - 王の洞窟jr.　一宮２２号バイパス店 - Aichi; 15 Mar 26 - BOOKOFF奈良法華寺店 - Nara; 15 Mar 26 - ポケ堂　仙台店 - Miyagi; 14 Mar 26 - 宝島　岐阜本店 - Gifu; 15 Mar 26 - トーナメントセンターバトロコ　横浜伊勢佐木町 - Kanagawa; 14 Mar 26 - ブックオフプラス佐賀南部バイパス店 - Saga; 22 Mar 26 - 竜星のPAO　大宮店 - Saitama; 18 Mar 26 - ドラゴンスター日本橋2号店 - Ōsaka; 20 Mar 26 - BOOKOFFSUPERBAZAARノースポート・モール店 - Kanagawa; 20 Mar 26 - TCG桜華 - Ehime; 22 Mar 26 - トレカステーション領家店 - Shizuoka; 15 Mar 26 - トーナメントセンターバトロコ　高崎駅前 - Gunma; 22 Mar 26 - トーナメントセンターバトロコ　川越駅前 - Saitama; 15 Mar 26 - チェルモサード - Kanagawa; 21 Mar 26 - 【CARDBOX】おもちゃのバンビ　本郷店 - Toyama; 21 Mar 26 - ブックオフ　札幌南2条店 - Hokkaido; 14 Mar 26 - BOOKOFF SUPER BAZAAR 248号西友岡崎店 - Aichi; 22 Mar 26 - トレカショップ竜のしっぽ　姫路店 - Hyōgo; 20 Mar 26 - カードショップ竜星のPAO　立川店 - Tōkyō; 20 Mar 26 - ブックオフ　西尾下町店 - Aichi; 20 Mar 26 - 竜星の嵐　名古屋店 - Aichi; 19 Mar 26 - ドラゴンスター町田店 - Tōkyō; 18 Mar 26 - Card Secret - Tōkyō; 14 Mar 26 - ブックオフイオン山形北店 - Yamagata; 23 Mar 26 - BOOKOFF SUPER BAZAAR 307号枚方池之宮店 - Ōsaka; 22 Mar 26 - BOOKOFF SUPER BAZAAR 1号京都伏見店 - Kyōto; 22 Mar 26 - カードショップ裁龍 - Ibaraki; 15 Mar 26 - 【CARDBOX】Booksあんとく　三潴店 - Fukuoka; 14 Mar 26 - BOOKOFFSUPERBAZAAR町田中央通り店 - Tōkyō; 15 Mar 26 - トーナメントセンターバトロコ　新津田沼駅前 - Chiba; 22 Mar 26 - 【CARDBOX】本の王国すまいるキング　安城店 - Aichi; 21 Mar 26 - 蔦屋書店　茂原店 - Chiba; 15 Mar 26 - BOOKOFF　イオン橋本 - Kanagawa; 21 Mar 26 - トーナメントセンターバトロコ新潟万代 - Niigata; 21 Mar 26 - トーナメントセンターバトロコ　新津田沼駅前 - Chiba; 15 Mar 26 - 竜星のPAO　八王子店 - Tōkyō; 14 Mar 26 - BOOKOFFSUPERBAZAARアクロスプラザ佐世保店 - Nagasaki; 21 Mar 26 - Wonder GOO　入間店 - Saitama; 20 Mar 26 - ブックオフプラス浜北店 - Shizuoka; 20 Mar 26 - カードショップ＠ほ～む。鹿児島店 - Kagoshima; 14 Mar 26 - ゲームアーク　丸亀店 - Kagawa; 22 Mar 26 - 宝島　長久手店 - Aichi; 20 Mar 26 - GIRAFULLなんば店 - Ōsaka; 20 Mar 26 - ドラゴンスター池袋店 - Tōkyō"
Zoroark Darmanitan;City League (JP);76;8,59;1;16;"20 Mar 26 - 竜星の嵐　高松店 - Kagawa; 14 Mar 26 - トーナメントセンターバトロコ　本厚木駅前 - Kanagawa; 21 Mar 26 - トレカショップKCC - Saitama; 18 Mar 26 - BOOKOFFSUPERBAZAAR54号広島八木店 - Hiroshima; 15 Mar 26 - ビデオ100　徳島藍住店 - Tokushima; 22 Mar 26 - バトスタ長野駅前店 - Nagano; 19 Mar 26 - BOOKOFF奈良法華寺店 - Nara; 14 Mar 26 - GIRAFULL 広島ドンキ店 - Hiroshima; 15 Mar 26 - トイニティ長岡E・PLAZA店 - Niigata; 20 Mar 26 - トーナメントセンターバトロコ　高田馬場 - Tōkyō; 22 Mar 26 - トーナメントセンターバトロコ　柏駅前 - Chiba; 20 Mar 26 - トイコンプ　住道店 - Ōsaka; 15 Mar 26 - カードスタジアム小禄店 - Okinawa; 15 Mar 26 - トーナメントセンターバトロコ　水戸駅前 - Ibaraki; 15 Mar 26 - ドラゴンスター神戸三宮店 - Hyōgo; 14 Mar 26 - ブックオフ イトーヨカドー溝ノ口店 - Kanagawa; 15 Mar 26 - 【CARDBOX】津店 - Mie; 22 Mar 26 - トレカショップVOW - Shiga; 22 Mar 26 - Duel Stade Ganryu　ひたち野うしく店 - Ibaraki; 20 Mar 26 - 遊ING　熊本上通り店 - Kumamoto; 20 Mar 26 - TSUTAYA土佐道路店 - Kōchi; 14 Mar 26 - ドラゴンスター日本橋3号店 - Ōsaka; 22 Mar 26 - TSUTAYA三島店 - Shizuoka; 16 Mar 26 - ドラゴンスター秋葉原駅前店 - Tōkyō; 15 Mar 26 - BOOKOFF奈良法華寺店 - Nara; 15 Mar 26 - ポケ堂　仙台店 - Miyagi; 15 Mar 26 - トーナメントセンターバトロコ　横浜伊勢佐木町 - Kanagawa; 21 Mar 26 - トーナメントセンターバトロコ　川崎駅前 - Kanagawa; 17 Mar 26 - トレカショップ　スキップ玉出店 - Ōsaka; 20 Mar 26 - TCG桜華 - Ehime; 15 Mar 26 - トーナメントセンターバトロコ　高崎駅前 - Gunma; 21 Mar 26 - 【CARDBOX】おもちゃのバンビ　本郷店 - Toyama; 22 Mar 26 - 【CARDBOX】Super KaBoS 敦賀店 - Fukui; 21 Mar 26 - ブックオフ　札幌南2条店 - Hokkaido; 20 Mar 26 - 三洋堂書店　乙川店 - Aichi; 19 Mar 26 - ドラゴンスター日本橋3号店 - Ōsaka; 14 Mar 26 - BOOKOFF SUPER BAZAAR 248号西友岡崎店 - Aichi; 22 Mar 26 - トレカショップ竜のしっぽ　姫路店 - Hyōgo; 20 Mar 26 - カードショップ竜星のPAO　立川店 - Tōkyō; 20 Mar 26 - TSUTAYA西友町田店 - Tōkyō; 20 Mar 26 - 竜星の嵐　名古屋店 - Aichi; 21 Mar 26 - フルコンプ千葉店 - Chiba; 19 Mar 26 - ドラゴンスター町田店 - Tōkyō; 22 Mar 26 - トイコンプ高槻店 - Ōsaka; 18 Mar 26 - Card Secret - Tōkyō; 14 Mar 26 - オレタン福岡天神店 - Fukuoka; 22 Mar 26 - カードショップ裁龍 - Ibaraki; 15 Mar 26 - 【CARDBOX】Booksあんとく　三潴店 - Fukuoka; 14 Mar 26 - BOOKOFFSUPERBAZAAR町田中央通り店 - Tōkyō; 22 Mar 26 - 【CARDBOX】カードボックス　福山店 - Hiroshima; 21 Mar 26 - Card Secret - Tōkyō; 15 Mar 26 - カードショップリドル京急蒲田店 - Tōkyō; 22 Mar 26 - 【CARDBOX】本の王国すまいるキング　安城店 - Aichi; 20 Mar 26 - GIRAFULLなんば店 - Ōsaka; 15 Mar 26 - 竜星のPAO　八王子店 - Tōkyō; 21 Mar 26 - 宝島　高蔵寺店 - Aichi; 17 Mar 26 - トーナメントセンターバトロコ　柏駅前 - Chiba; 20 Mar 26 - ドラゴンスター池袋店 - Tōkyō"
Garchomp Roserade;City League (JP);61;9,26;1;16;"20 Mar 26 - 竜星の嵐　高松店 - Kagawa; 15 Mar 26 - ビデオ100　徳島藍住店 - Tokushima; 22 Mar 26 - バトスタ長野駅前店 - Nagano; 14 Mar 26 - トレカショップKCC - Saitama; 14 Mar 26 - GIRAFULL 広島ドンキ店 - Hiroshima; 15 Mar 26 - トイニティ長岡E・PLAZA店 - Niigata; 22 Mar 26 - 三洋堂書店　みのかも店 - Gifu; 20 Mar 26 - トイコンプ　住道店 - Ōsaka; 15 Mar 26 - BOOKOFFSUPERBAZAARノースポート・モール店 - Kanagawa; 14 Mar 26 - ブックオフプラス　田富昭和通り店 - Yamanashi; 15 Mar 26 - カードスタジアム小禄店 - Okinawa; 22 Mar 26 - チェルモサード - Kanagawa; 21 Mar 26 - Wonder GOO　いわき鹿島店 - Fukushima; 20 Mar 26 - ブックエースTSUTAYA　勝田東石川店 - Ibaraki; 15 Mar 26 - トレカステーション佐鳴台店 - Shizuoka; 14 Mar 26 - ドラゴンスター日本橋3号店 - Ōsaka; 15 Mar 26 - ポケ堂　仙台店 - Miyagi; 22 Mar 26 - 竜星のPAO　大宮店 - Saitama; 22 Mar 26 - フルコンプPLAYERS CENTER札幌駅前店 - Hokkaido; 20 Mar 26 - BOOKOFFSUPERBAZAARノースポート・モール店 - Kanagawa; 21 Mar 26 - トーナメントセンターバトロコ　川崎駅前 - Kanagawa; 20 Mar 26 - TCG桜華 - Ehime; 21 Mar 26 - BOOKOFFSUPERBAZAAR大宮ステラタウン店 - Saitama; 15 Mar 26 - フルコンプ　PLAYERS CENTER　八王子本店 - Tōkyō; 15 Mar 26 - BOOKOFF SUPER BAZAAR 松戸駅東口店 - Chiba; 22 Mar 26 - トレカステーション領家店 - Shizuoka; 15 Mar 26 - BOOKOFF イオン本牧店 - Kanagawa; 15 Mar 26 - チェルモサード - Kanagawa; 21 Mar 26 - 【CARDBOX】おもちゃのバンビ　本郷店 - Toyama; 21 Mar 26 - ブックオフ　札幌南2条店 - Hokkaido; 20 Mar 26 - フルコンプ　PLAYERS CENTER　八王子本店 - Tōkyō; 19 Mar 26 - ドラゴンスター日本橋3号店 - Ōsaka; 14 Mar 26 - BOOKOFF SUPER BAZAAR 248号西友岡崎店 - Aichi; 22 Mar 26 - トレカショップ竜のしっぽ　姫路店 - Hyōgo; 21 Mar 26 - フルコンプ千葉店 - Chiba; 19 Mar 26 - ドラゴンスター町田店 - Tōkyō; 22 Mar 26 - BOOKOFF SUPER BAZAAR 1号京都伏見店 - Kyōto; 22 Mar 26 - カードショップ裁龍 - Ibaraki; 14 Mar 26 - BOOKOFFSUPERBAZAAR町田中央通り店 - Tōkyō; 14 Mar 26 - 【CARDBOX】玉島店 - Okayama; 15 Mar 26 - カードショップリドル京急蒲田店 - Tōkyō; 15 Mar 26 - BOOKOFF　イオン橋本 - Kanagawa; 22 Mar 26 - バトロコミニ前橋文京店 - Gunma; 22 Mar 26 - Wonder GOO　足利店 - Tochigi; 15 Mar 26 - 竜星のPAO　八王子店 - Tōkyō; 14 Mar 26 - BOOKOFFSUPERBAZAARアクロスプラザ佐世保店 - Nagasaki"
Dragapult Blaziken;City League (JP);60;7,65;1;16;"21 Mar 26 - トレカショップKCC - Saitama; 18 Mar 26 - BOOKOFFSUPERBAZAAR54号広島八木店 - Hiroshima; 15 Mar 26 - TSUTAYA嵐山店 - Saitama; 22 Mar 26 - 三洋堂書店　みのかも店 - Gifu; 20 Mar 26 - トーナメントセンターバトロコ　高田馬場 - Tōkyō; 15 Mar 26 - トーナメントセンターバトロコ　水戸駅前 - Ibaraki; 15 Mar 26 - ドラゴンスター神戸三宮店 - Hyōgo; 15 Mar 26 - 【CARDBOX】津店 - Mie; 21 Mar 26 - Wonder GOO　いわき鹿島店 - Fukushima; 20 Mar 26 - TSUTAYA土佐道路店 - Kōchi; 15 Mar 26 - TSUTAYA BOOKSTORE　そよら成田ニュータウン - Chiba; 15 Mar 26 - トレカステーション佐鳴台店 - Shizuoka; 14 Mar 26 - 宝島　岐阜本店 - Gifu; 22 Mar 26 - BOOKOFF 250号東岡山店 - Okayama; 22 Mar 26 - フルコンプPLAYERS CENTER札幌駅前店 - Hokkaido; 14 Mar 26 - 三洋堂書店 星川店 - Mie; 20 Mar 26 - TCG桜華 - Ehime; 21 Mar 26 - BOOKOFFSUPERBAZAAR大宮ステラタウン店 - Saitama; 15 Mar 26 - フルコンプ　PLAYERS CENTER　八王子本店 - Tōkyō; 15 Mar 26 - BOOKOFF SUPER BAZAAR 松戸駅東口店 - Chiba; 22 Mar 26 - トレカステーション領家店 - Shizuoka; 21 Mar 26 - 青馬堂本店 - Kanagawa; 15 Mar 26 - BOOKOFF イオン本牧店 - Kanagawa; 15 Mar 26 - チェルモサード - Kanagawa; 21 Mar 26 - 【CARDBOX】おもちゃのバンビ　本郷店 - Toyama; 20 Mar 26 - 三洋堂書店　乙川店 - Aichi; 19 Mar 26 - ドラゴンスター日本橋3号店 - Ōsaka; 14 Mar 26 - BOOKOFF SUPER BAZAAR 248号西友岡崎店 - Aichi; 20 Mar 26 - カードショップ竜星のPAO　立川店 - Tōkyō; 20 Mar 26 - TSUTAYA西友町田店 - Tōkyō; 20 Mar 26 - 竜星の嵐　名古屋店 - Aichi; 21 Mar 26 - フルコンプ千葉店 - Chiba; 19 Mar 26 - ドラゴンスター町田店 - Tōkyō; 22 Mar 26 - トイコンプ高槻店 - Ōsaka; 14 Mar 26 - オレタン福岡天神店 - Fukuoka; 15 Mar 26 - 【CARDBOX】Booksあんとく　三潴店 - Fukuoka; 14 Mar 26 - BOOKOFFSUPERBAZAAR町田中央通り店 - Tōkyō; 15 Mar 26 - トーナメントセンターバトロコ　新津田沼駅前 - Chiba; 15 Mar 26 - カードショップリドル京急蒲田店 - Tōkyō; 22 Mar 26 - 【CARDBOX】本の王国すまいるキング　安城店 - Aichi; 22 Mar 26 - バトロコミニ前橋文京店 - Gunma; 14 Mar 26 - ゲームアーク　丸亀店 - Kagawa; 22 Mar 26 - 宝島　長久手店 - Aichi; 17 Mar 26 - トーナメントセンターバトロコ　柏駅前 - Chiba; 22 Mar 26 - 竜星の嵐　小倉駅前店 - Fukuoka"
Ogerpon Raging-Bolt;City League (JP);57;6,96;1;16;"20 Mar 26 - 竜星の嵐　高松店 - Kagawa; 21 Mar 26 - トレカショップKCC - Saitama; 18 Mar 26 - BOOKOFFSUPERBAZAAR54号広島八木店 - Hiroshima; 15 Mar 26 - ビデオ100　徳島藍住店 - Tokushima; 23 Mar 26 - 秋葉原チェルモ - Tōkyō; 14 Mar 26 - トレカショップKCC - Saitama; 14 Mar 26 - GIRAFULL 広島ドンキ店 - Hiroshima; 15 Mar 26 - TSUTAYA嵐山店 - Saitama; 22 Mar 26 - 三洋堂書店　みのかも店 - Gifu; 20 Mar 26 - トイコンプ　住道店 - Ōsaka; 15 Mar 26 - BOOKOFFSUPERBAZAARノースポート・モール店 - Kanagawa; 14 Mar 26 - ブックオフプラス　田富昭和通り店 - Yamanashi; 18 Mar 26 - GIRAFULL京都店 - Kyōto; 21 Mar 26 - Wonder GOO　いわき鹿島店 - Fukushima; 16 Mar 26 - TSUTAYA西友町田店 - Tōkyō; 14 Mar 26 - BOOKOFF SUPER BAZAAR 307号枚方池之宮店 - Ōsaka; 15 Mar 26 - トレカステーション佐鳴台店 - Shizuoka; 22 Mar 26 - TSUTAYA三島店 - Shizuoka; 20 Mar 26 - 宝島　可児店 - Gifu; 15 Mar 26 - BOOKOFF奈良法華寺店 - Nara; 15 Mar 26 - ポケ堂　仙台店 - Miyagi; 15 Mar 26 - トーナメントセンターバトロコ　横浜伊勢佐木町 - Kanagawa; 22 Mar 26 - BOOKOFF 250号東岡山店 - Okayama; 22 Mar 26 - フルコンプPLAYERS CENTER札幌駅前店 - Hokkaido; 21 Mar 26 - トーナメントセンターバトロコ　川崎駅前 - Kanagawa; 20 Mar 26 - TCG桜華 - Ehime; 15 Mar 26 - フルコンプ　PLAYERS CENTER　八王子本店 - Tōkyō; 15 Mar 26 - BOOKOFF SUPER BAZAAR 松戸駅東口店 - Chiba; 15 Mar 26 - トーナメントセンターバトロコ　高崎駅前 - Gunma; 21 Mar 26 - 【CARDBOX】おもちゃのバンビ　本郷店 - Toyama; 22 Mar 26 - 【CARDBOX】Super KaBoS 敦賀店 - Fukui; 14 Mar 26 - BOOKOFF SUPER BAZAAR 248号西友岡崎店 - Aichi; 20 Mar 26 - ブックオフ　西尾下町店 - Aichi; 20 Mar 26 - TSUTAYA西友町田店 - Tōkyō; 20 Mar 26 - 竜星の嵐　名古屋店 - Aichi; 19 Mar 26 - ドラゴンスター町田店 - Tōkyō; 22 Mar 26 - トイコンプ高槻店 - Ōsaka; 23 Mar 26 - BOOKOFF SUPER BAZAAR 307号枚方池之宮店 - Ōsaka; 14 Mar 26 - オレタン福岡天神店 - Fukuoka; 15 Mar 26 - 【CARDBOX】Booksあんとく　三潴店 - Fukuoka; 21 Mar 26 - Card Secret - Tōkyō; 20 Mar 26 - カードショップ＠ほ～む。鹿児島店 - Kagoshima; 21 Mar 26 - 蔦屋書店　茂原店 - Chiba; 20 Mar 26 - GIRAFULLなんば店 - Ōsaka; 21 Mar 26 - Wonder GOO　入間店 - Saitama; 21 Mar 26 - 宝島　高蔵寺店 - Aichi"
Alakazam Dudunsparce;City League (JP);56;6,8;1;16;"20 Mar 26 - 竜星の嵐　高松店 - Kagawa; 22 Mar 26 - バトスタ長野駅前店 - Nagano; 14 Mar 26 - トレカショップKCC - Saitama; 20 Mar 26 - TSUTAYA光吉店 - Ōita; 22 Mar 26 - 三洋堂書店　みのかも店 - Gifu; 22 Mar 26 - トーナメントセンターバトロコ　柏駅前 - Chiba; 15 Mar 26 - BOOKOFFSUPERBAZAARノースポート・モール店 - Kanagawa; 22 Mar 26 - チェルモサード - Kanagawa; 16 Mar 26 - TSUTAYA西友町田店 - Tōkyō; 14 Mar 26 - BOOKOFF SUPER BAZAAR 307号枚方池之宮店 - Ōsaka; 20 Mar 26 - 遊ING　熊本上通り店 - Kumamoto; 15 Mar 26 - 王の洞窟jr.　一宮２２号バイパス店 - Aichi; 20 Mar 26 - 宝島　可児店 - Gifu; 15 Mar 26 - ポケ堂　仙台店 - Miyagi; 22 Mar 26 - 竜星のPAO　大宮店 - Saitama; 22 Mar 26 - フルコンプPLAYERS CENTER札幌駅前店 - Hokkaido; 20 Mar 26 - BOOKOFFSUPERBAZAARノースポート・モール店 - Kanagawa; 21 Mar 26 - トーナメントセンターバトロコ　川崎駅前 - Kanagawa; 17 Mar 26 - トレカショップ　スキップ玉出店 - Ōsaka; 22 Mar 26 - トレカステーション領家店 - Shizuoka; 22 Mar 26 - トーナメントセンターバトロコ　川越駅前 - Saitama; 21 Mar 26 - 【CARDBOX】おもちゃのバンビ　本郷店 - Toyama; 20 Mar 26 - フルコンプ　PLAYERS CENTER　八王子本店 - Tōkyō; 20 Mar 26 - 三洋堂書店　乙川店 - Aichi; 14 Mar 26 - BOOKOFF SUPER BAZAAR 248号西友岡崎店 - Aichi; 19 Mar 26 - ドラゴンスター町田店 - Tōkyō; 14 Mar 26 - ブックオフイオン山形北店 - Yamagata; 17 Mar 26 - トレカショップ竜のしっぽ　布施店 - Ōsaka; 22 Mar 26 - BOOKOFF SUPER BAZAAR 1号京都伏見店 - Kyōto; 14 Mar 26 - オレタン福岡天神店 - Fukuoka; 22 Mar 26 - カードショップ裁龍 - Ibaraki; 21 Mar 26 - 宝島　高蔵寺店 - Aichi; 21 Mar 26 - Card Secret - Tōkyō; 22 Mar 26 - 【CARDBOX】本の王国すまいるキング　安城店 - Aichi; 21 Mar 26 - トーナメントセンターバトロコ　新津田沼駅前 - Chiba; 22 Mar 26 - バトロコミニ前橋文京店 - Gunma; 20 Mar 26 - カードショップ＠ほ～む。鹿児島店 - Kagoshima; 15 Mar 26 - 竜星のPAO　八王子店 - Tōkyō; 14 Mar 26 - BOOKOFFSUPERBAZAARアクロスプラザ佐世保店 - Nagasaki; 14 Mar 26 - ゲームアーク　丸亀店 - Kagawa; 22 Mar 26 - 宝島　長久手店 - Aichi; 22 Mar 26 - 竜星の嵐　小倉駅前店 - Fukuoka"
Spidops Mewtwo;City League (JP);45;7,69;1;16;"14 Mar 26 - トーナメントセンターバトロコ　本厚木駅前 - Kanagawa; 18 Mar 26 - BOOKOFFSUPERBAZAAR54号広島八木店 - Hiroshima; 23 Mar 26 - 秋葉原チェルモ - Tōkyō; 14 Mar 26 - トレカショップKCC - Saitama; 14 Mar 26 - GIRAFULL 広島ドンキ店 - Hiroshima; 15 Mar 26 - トイニティ長岡E・PLAZA店 - Niigata; 15 Mar 26 - BOOKOFFSUPERBAZAARノースポート・モール店 - Kanagawa; 15 Mar 26 - ドラゴンスター神戸三宮店 - Hyōgo; 14 Mar 26 - カードショップリドル京急蒲田店 - Tōkyō; 16 Mar 26 - TSUTAYA西友町田店 - Tōkyō; 14 Mar 26 - BOOKOFF SUPER BAZAAR 307号枚方池之宮店 - Ōsaka; 20 Mar 26 - TSUTAYA土佐道路店 - Kōchi; 16 Mar 26 - ドラゴンスター秋葉原駅前店 - Tōkyō; 15 Mar 26 - 王の洞窟jr.　一宮２２号バイパス店 - Aichi; 15 Mar 26 - トーナメントセンターバトロコ　横浜伊勢佐木町 - Kanagawa; 22 Mar 26 - BOOKOFF 250号東岡山店 - Okayama; 18 Mar 26 - ドラゴンスター日本橋2号店 - Ōsaka; 22 Mar 26 - フルコンプPLAYERS CENTER札幌駅前店 - Hokkaido; 20 Mar 26 - BOOKOFFSUPERBAZAARノースポート・モール店 - Kanagawa; 15 Mar 26 - BOOKOFF SUPER BAZAAR 松戸駅東口店 - Chiba; 15 Mar 26 - BOOKOFF イオン本牧店 - Kanagawa; 20 Mar 26 - カードショップ竜星のPAO　立川店 - Tōkyō; 20 Mar 26 - TSUTAYA西友町田店 - Tōkyō; 18 Mar 26 - Card Secret - Tōkyō; 22 Mar 26 - トイコンプ高槻店 - Ōsaka; 23 Mar 26 - BOOKOFF SUPER BAZAAR 307号枚方池之宮店 - Ōsaka; 17 Mar 26 - トレカショップ竜のしっぽ　布施店 - Ōsaka; 22 Mar 26 - BOOKOFF SUPER BAZAAR 1号京都伏見店 - Kyōto; 14 Mar 26 - オレタン福岡天神店 - Fukuoka; 14 Mar 26 - BOOKOFFSUPERBAZAAR町田中央通り店 - Tōkyō; 15 Mar 26 - カードショップリドル京急蒲田店 - Tōkyō; 20 Mar 26 - ブックオフプラス浜北店 - Shizuoka; 22 Mar 26 - Wonder GOO　足利店 - Tochigi; 14 Mar 26 - BOOKOFFSUPERBAZAARアクロスプラザ佐世保店 - Nagasaki; 21 Mar 26 - Wonder GOO　入間店 - Saitama; 22 Mar 26 - 宝島　長久手店 - Aichi"
Ogerpon Arboliva;City League (JP);42;8,5;1;16;"20 Mar 26 - 竜星の嵐　高松店 - Kagawa; 14 Mar 26 - トーナメントセンターバトロコ　本厚木駅前 - Kanagawa; 19 Mar 26 - BOOKOFF奈良法華寺店 - Nara; 18 Mar 26 - BOOKOFFSUPERBAZAAR54号広島八木店 - Hiroshima; 15 Mar 26 - ビデオ100　徳島藍住店 - Tokushima; 22 Mar 26 - バトスタ長野駅前店 - Nagano; 23 Mar 26 - 秋葉原チェルモ - Tōkyō; 14 Mar 26 - トレカショップKCC - Saitama; 20 Mar 26 - TSUTAYA光吉店 - Ōita; 15 Mar 26 - カードスタジアム小禄店 - Okinawa; 15 Mar 26 - 【CARDBOX】津店 - Mie; 16 Mar 26 - TSUTAYA西友町田店 - Tōkyō; 14 Mar 26 - BOOKOFF SUPER BAZAAR 307号枚方池之宮店 - Ōsaka; 14 Mar 26 - Duel Stade Ganryu　高崎店 - Gunma; 22 Mar 26 - トレカショップVOW - Shiga; 20 Mar 26 - 遊ING　熊本上通り店 - Kumamoto; 15 Mar 26 - トレカステーション佐鳴台店 - Shizuoka; 15 Mar 26 - 王の洞窟jr.　一宮２２号バイパス店 - Aichi; 15 Mar 26 - BOOKOFF奈良法華寺店 - Nara; 21 Mar 26 - BOOKOFFSUPERBAZAAR大宮ステラタウン店 - Saitama; 21 Mar 26 - 青馬堂本店 - Kanagawa; 19 Mar 26 - ドラゴンスター日本橋3号店 - Ōsaka; 20 Mar 26 - カードショップ竜星のPAO　立川店 - Tōkyō; 20 Mar 26 - 竜星の嵐　名古屋店 - Aichi; 17 Mar 26 - トレカショップ竜のしっぽ　布施店 - Ōsaka; 14 Mar 26 - オレタン福岡天神店 - Fukuoka; 22 Mar 26 - カードショップ裁龍 - Ibaraki; 15 Mar 26 - 【CARDBOX】Booksあんとく　三潴店 - Fukuoka; 20 Mar 26 - カードショップ＠ほ～む。鹿児島店 - Kagoshima; 15 Mar 26 - BOOKOFF　イオン橋本 - Kanagawa; 22 Mar 26 - バトロコミニ前橋文京店 - Gunma; 22 Mar 26 - Wonder GOO　足利店 - Tochigi; 14 Mar 26 - BOOKOFFSUPERBAZAARアクロスプラザ佐世保店 - Nagasaki; 17 Mar 26 - 【CARDBOX】青馬堂矢向店 - Kanagawa; 21 Mar 26 - Wonder GOO　入間店 - Saitama; 22 Mar 26 - 宝島　長久手店 - Aichi; 17 Mar 26 - トーナメントセンターバトロコ　柏駅前 - Chiba"
Crustle Munkidori;City League (JP);40;6,92;1;16;"20 Mar 26 - 竜星の嵐　高松店 - Kagawa; 19 Mar 26 - BOOKOFF奈良法華寺店 - Nara; 21 Mar 26 - トレカショップKCC - Saitama; 15 Mar 26 - ビデオ100　徳島藍住店 - Tokushima; 23 Mar 26 - 秋葉原チェルモ - Tōkyō; 20 Mar 26 - ドラゴンスター池袋店 - Tōkyō; 20 Mar 26 - トレカショップKCC - Saitama; 20 Mar 26 - トーナメントセンターバトロコ　高田馬場 - Tōkyō; 20 Mar 26 - トイコンプ　住道店 - Ōsaka; 15 Mar 26 - BOOKOFFSUPERBAZAARノースポート・モール店 - Kanagawa; 22 Mar 26 - Duel Stade Ganryu　ひたち野うしく店 - Ibaraki; 15 Mar 26 - カードスタジアム小禄店 - Okinawa; 14 Mar 26 - カードショップリドル京急蒲田店 - Tōkyō; 15 Mar 26 - 【CARDBOX】津店 - Mie; 20 Mar 26 - 遊ING　熊本上通り店 - Kumamoto; 16 Mar 26 - ドラゴンスター秋葉原駅前店 - Tōkyō; 15 Mar 26 - トーナメントセンターバトロコ　横浜伊勢佐木町 - Kanagawa; 14 Mar 26 - ブックオフプラス佐賀南部バイパス店 - Saga; 21 Mar 26 - トーナメントセンターバトロコ　川崎駅前 - Kanagawa; 15 Mar 26 - フルコンプ　PLAYERS CENTER　八王子本店 - Tōkyō; 22 Mar 26 - トレカステーション領家店 - Shizuoka; 15 Mar 26 - BOOKOFF イオン本牧店 - Kanagawa; 15 Mar 26 - チェルモサード - Kanagawa; 20 Mar 26 - ブックオフ　西尾下町店 - Aichi; 22 Mar 26 - トイコンプ高槻店 - Ōsaka; 23 Mar 26 - BOOKOFF SUPER BAZAAR 307号枚方池之宮店 - Ōsaka; 22 Mar 26 - カードショップ裁龍 - Ibaraki; 15 Mar 26 - トーナメントセンターバトロコ　新津田沼駅前 - Chiba; 22 Mar 26 - 【CARDBOX】本の王国すまいるキング　安城店 - Aichi; 15 Mar 26 - BOOKOFF　イオン橋本 - Kanagawa; 22 Mar 26 - 竜星の嵐　小倉駅前店 - Fukuoka"
Grimmsnarl Munkidori;City League (JP);40;7,92;1;16;"20 Mar 26 - 竜星の嵐　高松店 - Kagawa; 14 Mar 26 - トーナメントセンターバトロコ　本厚木駅前 - Kanagawa; 15 Mar 26 - ビデオ100　徳島藍住店 - Tokushima; 14 Mar 26 - トレカショップKCC - Saitama; 15 Mar 26 - トイニティ長岡E・PLAZA店 - Niigata; 15 Mar 26 - TSUTAYA嵐山店 - Saitama; 18 Mar 26 - GIRAFULL京都店 - Kyōto; 15 Mar 26 - カードスタジアム小禄店 - Okinawa; 14 Mar 26 - ブックオフ イトーヨカドー溝ノ口店 - Kanagawa; 14 Mar 26 - カードショップリドル京急蒲田店 - Tōkyō; 16 Mar 26 - TSUTAYA西友町田店 - Tōkyō; 20 Mar 26 - ブックエースTSUTAYA　勝田東石川店 - Ibaraki; 15 Mar 26 - TSUTAYA BOOKSTORE　そよら成田ニュータウン - Chiba; 20 Mar 26 - 宝島　可児店 - Gifu; 15 Mar 26 - トーナメントセンターバトロコ　横浜伊勢佐木町 - Kanagawa; 18 Mar 26 - ドラゴンスター日本橋2号店 - Ōsaka; 21 Mar 26 - 青馬堂本店 - Kanagawa; 15 Mar 26 - BOOKOFF イオン本牧店 - Kanagawa; 20 Mar 26 - 三洋堂書店　乙川店 - Aichi; 20 Mar 26 - ブックオフ　西尾下町店 - Aichi; 21 Mar 26 - フルコンプ千葉店 - Chiba; 18 Mar 26 - Card Secret - Tōkyō; 14 Mar 26 - ブックオフイオン山形北店 - Yamagata; 17 Mar 26 - トレカショップ竜のしっぽ　布施店 - Ōsaka; 22 Mar 26 - BOOKOFF SUPER BAZAAR 1号京都伏見店 - Kyōto; 14 Mar 26 - オレタン福岡天神店 - Fukuoka; 15 Mar 26 - 【CARDBOX】Booksあんとく　三潴店 - Fukuoka; 14 Mar 26 - BOOKOFFSUPERBAZAAR町田中央通り店 - Tōkyō; 21 Mar 26 - Card Secret - Tōkyō; 14 Mar 26 - 【CARDBOX】玉島店 - Okayama; 15 Mar 26 - BOOKOFF　イオン橋本 - Kanagawa; 22 Mar 26 - Wonder GOO　足利店 - Tochigi; 20 Mar 26 - GIRAFULLなんば店 - Ōsaka; 17 Mar 26 - 【CARDBOX】青馬堂矢向店 - Kanagawa; 21 Mar 26 - 宝島　高蔵寺店 - Aichi; 17 Mar 26 - トーナメントセンターバトロコ　柏駅前 - Chiba"
Ogerpon Mega Kangaskhan;City League (JP);38;8,47;1;16;"14 Mar 26 - トーナメントセンターバトロコ　本厚木駅前 - Kanagawa; 21 Mar 26 - トレカショップKCC - Saitama; 22 Mar 26 - バトスタ長野駅前店 - Nagano; 15 Mar 26 - トイニティ長岡E・PLAZA店 - Niigata; 15 Mar 26 - TSUTAYA嵐山店 - Saitama; 20 Mar 26 - トレカショップKCC - Saitama; 22 Mar 26 - トーナメントセンターバトロコ　柏駅前 - Chiba; 15 Mar 26 - BOOKOFFSUPERBAZAARノースポート・モール店 - Kanagawa; 14 Mar 26 - ブックオフプラス　田富昭和通り店 - Yamanashi; 21 Mar 26 - Wonder GOO　いわき鹿島店 - Fukushima; 14 Mar 26 - ブックオフ イトーヨカドー溝ノ口店 - Kanagawa; 15 Mar 26 - 【CARDBOX】津店 - Mie; 15 Mar 26 - TSUTAYA BOOKSTORE　そよら成田ニュータウン - Chiba; 16 Mar 26 - ドラゴンスター秋葉原駅前店 - Tōkyō; 14 Mar 26 - 宝島　岐阜本店 - Gifu; 22 Mar 26 - BOOKOFF 250号東岡山店 - Okayama; 20 Mar 26 - BOOKOFFSUPERBAZAARノースポート・モール店 - Kanagawa; 21 Mar 26 - トーナメントセンターバトロコ　川崎駅前 - Kanagawa; 17 Mar 26 - トレカショップ　スキップ玉出店 - Ōsaka; 22 Mar 26 - トレカステーション領家店 - Shizuoka; 21 Mar 26 - 【CARDBOX】おもちゃのバンビ　本郷店 - Toyama; 22 Mar 26 - 【CARDBOX】Super KaBoS 敦賀店 - Fukui; 19 Mar 26 - ドラゴンスター日本橋3号店 - Ōsaka; 22 Mar 26 - トレカショップ竜のしっぽ　姫路店 - Hyōgo; 20 Mar 26 - 竜星の嵐　名古屋店 - Aichi; 19 Mar 26 - ドラゴンスター町田店 - Tōkyō; 18 Mar 26 - Card Secret - Tōkyō; 22 Mar 26 - トイコンプ高槻店 - Ōsaka; 22 Mar 26 - 【CARDBOX】カードボックス　福山店 - Hiroshima; 15 Mar 26 - カードショップリドル京急蒲田店 - Tōkyō; 22 Mar 26 - Wonder GOO　足利店 - Tochigi; 14 Mar 26 - BOOKOFFSUPERBAZAARアクロスプラザ佐世保店 - Nagasaki; 17 Mar 26 - 【CARDBOX】青馬堂矢向店 - Kanagawa; 21 Mar 26 - Wonder GOO　入間店 - Saitama; 18 Mar 26 - GIRAFULL京都店 - Kyōto"
Beedrill Arboliva;City League (JP);34;8,12;1;16;"15 Mar 26 - ビデオ100　徳島藍住店 - Tokushima; 15 Mar 26 - トイニティ長岡E・PLAZA店 - Niigata; 20 Mar 26 - トレカショップKCC - Saitama; 20 Mar 26 - トーナメントセンターバトロコ　高田馬場 - Tōkyō; 22 Mar 26 - Duel Stade Ganryu　ひたち野うしく店 - Ibaraki; 21 Mar 26 - Wonder GOO　いわき鹿島店 - Fukushima; 15 Mar 26 - 【CARDBOX】津店 - Mie; 15 Mar 26 - TSUTAYA BOOKSTORE　そよら成田ニュータウン - Chiba; 22 Mar 26 - TSUTAYA三島店 - Shizuoka; 22 Mar 26 - BOOKOFF 250号東岡山店 - Okayama; 18 Mar 26 - ドラゴンスター日本橋2号店 - Ōsaka; 22 Mar 26 - トーナメントセンターバトロコ　川越駅前 - Saitama; 21 Mar 26 - カードショップ　海賊船-starch- - Gifu; 21 Mar 26 - ブックオフ　札幌南2条店 - Hokkaido; 22 Mar 26 - トレカショップ竜のしっぽ　姫路店 - Hyōgo; 21 Mar 26 - フルコンプ千葉店 - Chiba; 18 Mar 26 - Card Secret - Tōkyō; 17 Mar 26 - トレカショップ竜のしっぽ　布施店 - Ōsaka; 22 Mar 26 - 【CARDBOX】カードボックス　福山店 - Hiroshima; 21 Mar 26 - Card Secret - Tōkyō; 21 Mar 26 - 蔦屋書店　茂原店 - Chiba; 20 Mar 26 - ブックオフプラス浜北店 - Shizuoka; 22 Mar 26 - Wonder GOO　足利店 - Tochigi; 15 Mar 26 - 竜星のPAO　八王子店 - Tōkyō; 20 Mar 26 - ドラゴンスター池袋店 - Tōkyō"
Ceruledge;City League (JP);27;9,26;1;16;"14 Mar 26 - カードショップ竜星のPAO多摩境店 - Tōkyō; 14 Mar 26 - トレカショップKCC - Saitama; 15 Mar 26 - TSUTAYA嵐山店 - Saitama; 20 Mar 26 - トーナメントセンターバトロコ　高田馬場 - Tōkyō; 18 Mar 26 - GIRAFULL京都店 - Kyōto; 22 Mar 26 - Duel Stade Ganryu　ひたち野うしく店 - Ibaraki; 22 Mar 26 - チェルモサード - Kanagawa; 21 Mar 26 - Wonder GOO　いわき鹿島店 - Fukushima; 20 Mar 26 - TSUTAYA土佐道路店 - Kōchi; 20 Mar 26 - BOOKOFFSUPERBAZAARノースポート・モール店 - Kanagawa; 21 Mar 26 - トーナメントセンターバトロコ　川崎駅前 - Kanagawa; 15 Mar 26 - トーナメントセンターバトロコ　高崎駅前 - Gunma; 20 Mar 26 - TSUTAYA西友町田店 - Tōkyō; 22 Mar 26 - BOOKOFF SUPER BAZAAR 1号京都伏見店 - Kyōto; 22 Mar 26 - 【CARDBOX】カードボックス　福山店 - Hiroshima; 14 Mar 26 - BOOKOFFSUPERBAZAAR町田中央通り店 - Tōkyō; 21 Mar 26 - Card Secret - Tōkyō; 15 Mar 26 - トーナメントセンターバトロコ　新津田沼駅前 - Chiba; 21 Mar 26 - トーナメントセンターバトロコ　新津田沼駅前 - Chiba; 20 Mar 26 - GIRAFULLなんば店 - Ōsaka; 21 Mar 26 - 宝島　高蔵寺店 - Aichi; 17 Mar 26 - トーナメントセンターバトロコ　柏駅前 - Chiba"
Mega Kangaskhan Ogerpon;City League (JP);24;8,21;1;16;"14 Mar 26 - トーナメントセンターバトロコ　本厚木駅前 - Kanagawa; 14 Mar 26 - トレカショップKCC - Saitama; 20 Mar 26 - トレカショップKCC - Saitama; 22 Mar 26 - Duel Stade Ganryu　ひたち野うしく店 - Ibaraki; 21 Mar 26 - Wonder GOO　いわき鹿島店 - Fukushima; 15 Mar 26 - トーナメントセンターバトロコ　水戸駅前 - Ibaraki; 14 Mar 26 - カードショップリドル京急蒲田店 - Tōkyō; 16 Mar 26 - TSUTAYA西友町田店 - Tōkyō; 14 Mar 26 - Duel Stade Ganryu　高崎店 - Gunma; 15 Mar 26 - TSUTAYA BOOKSTORE　そよら成田ニュータウン - Chiba; 15 Mar 26 - BOOKOFF奈良法華寺店 - Nara; 21 Mar 26 - トーナメントセンターバトロコ　川崎駅前 - Kanagawa; 21 Mar 26 - ブックオフ　札幌南2条店 - Hokkaido; 20 Mar 26 - TSUTAYA西友町田店 - Tōkyō; 23 Mar 26 - BOOKOFF SUPER BAZAAR 307号枚方池之宮店 - Ōsaka; 17 Mar 26 - トレカショップ竜のしっぽ　布施店 - Ōsaka; 21 Mar 26 - Card Secret - Tōkyō; 15 Mar 26 - カードショップリドル京急蒲田店 - Tōkyō; 22 Mar 26 - 【CARDBOX】本の王国すまいるキング　安城店 - Aichi; 20 Mar 26 - カードショップ＠ほ～む。鹿児島店 - Kagoshima; 15 Mar 26 - BOOKOFF　イオン橋本 - Kanagawa; 22 Mar 26 - 竜星の嵐　小倉駅前店 - Fukuoka"
Mega Meganium Ogerpon;City League (JP);24;8,38;2;16;"20 Mar 26 - 竜星の嵐　高松店 - Kagawa; 14 Mar 26 - トーナメントセンターバトロコ　本厚木駅前 - Kanagawa; 14 Mar 26 - カードショップ竜星のPAO多摩境店 - Tōkyō; 20 Mar 26 - TSUTAYA光吉店 - Ōita; 15 Mar 26 - TSUTAYA BOOKSTORE　そよら成田ニュータウン - Chiba; 16 Mar 26 - ドラゴンスター秋葉原駅前店 - Tōkyō; 22 Mar 26 - BOOKOFF 250号東岡山店 - Okayama; 21 Mar 26 - カードショップ　海賊船-starch- - Gifu; 22 Mar 26 - 【CARDBOX】Super KaBoS 敦賀店 - Fukui; 21 Mar 26 - ブックオフ　札幌南2条店 - Hokkaido; 20 Mar 26 - 三洋堂書店　乙川店 - Aichi; 20 Mar 26 - 竜星の嵐　名古屋店 - Aichi; 22 Mar 26 - トイコンプ高槻店 - Ōsaka; 22 Mar 26 - カードショップ裁龍 - Ibaraki; 15 Mar 26 - 【CARDBOX】Booksあんとく　三潴店 - Fukuoka; 22 Mar 26 - 【CARDBOX】カードボックス　福山店 - Hiroshima; 21 Mar 26 - Card Secret - Tōkyō; 15 Mar 26 - カードショップリドル京急蒲田店 - Tōkyō; 22 Mar 26 - Wonder GOO　足利店 - Tochigi; 20 Mar 26 - GIRAFULLなんば店 - Ōsaka; 22 Mar 26 - 宝島　長久手店 - Aichi; 20 Mar 26 - ドラゴンスター池袋店 - Tōkyō"
Barbaracle Okidogi;City League (JP);24;7,92;1;16;"14 Mar 26 - トレカショップKCC - Saitama; 14 Mar 26 - GIRAFULL 広島ドンキ店 - Hiroshima; 22 Mar 26 - トーナメントセンターバトロコ　柏駅前 - Chiba; 15 Mar 26 - BOOKOFFSUPERBAZAARノースポート・モール店 - Kanagawa; 15 Mar 26 - ドラゴンスター神戸三宮店 - Hyōgo; 14 Mar 26 - カードショップリドル京急蒲田店 - Tōkyō; 14 Mar 26 - ブックオフ イトーヨカドー溝ノ口店 - Kanagawa; 22 Mar 26 - トレカショップVOW - Shiga; 15 Mar 26 - ポケ堂　仙台店 - Miyagi; 14 Mar 26 - ブックオフプラス佐賀南部バイパス店 - Saga; 22 Mar 26 - トーナメントセンターバトロコ　川越駅前 - Saitama; 20 Mar 26 - ブックオフ　西尾下町店 - Aichi; 21 Mar 26 - フルコンプ千葉店 - Chiba; 18 Mar 26 - Card Secret - Tōkyō; 22 Mar 26 - トイコンプ高槻店 - Ōsaka; 22 Mar 26 - BOOKOFF SUPER BAZAAR 1号京都伏見店 - Kyōto; 22 Mar 26 - 【CARDBOX】カードボックス　福山店 - Hiroshima; 21 Mar 26 - Card Secret - Tōkyō; 15 Mar 26 - トーナメントセンターバトロコ　新津田沼駅前 - Chiba; 15 Mar 26 - BOOKOFF　イオン橋本 - Kanagawa; 22 Mar 26 - バトロコミニ前橋文京店 - Gunma; 20 Mar 26 - GIRAFULLなんば店 - Ōsaka; 15 Mar 26 - 竜星のPAO　八王子店 - Tōkyō"
Mega Greninja Dudunsparce;City League (JP);23;9,7;1;15;"20 Mar 26 - TSUTAYA光吉店 - Ōita; 15 Mar 26 - BOOKOFFSUPERBAZAARノースポート・モール店 - Kanagawa; 14 Mar 26 - ゲームアーク　丸亀店 - Kagawa; 22 Mar 26 - チェルモサード - Kanagawa; 15 Mar 26 - カードスタジアム小禄店 - Okinawa; 14 Mar 26 - ブックオフ イトーヨカドー溝ノ口店 - Kanagawa; 14 Mar 26 - BOOKOFF SUPER BAZAAR 307号枚方池之宮店 - Ōsaka; 16 Mar 26 - ドラゴンスター秋葉原駅前店 - Tōkyō; 18 Mar 26 - ドラゴンスター日本橋2号店 - Ōsaka; 20 Mar 26 - BOOKOFFSUPERBAZAARノースポート・モール店 - Kanagawa; 15 Mar 26 - BOOKOFF SUPER BAZAAR 松戸駅東口店 - Chiba; 22 Mar 26 - トーナメントセンターバトロコ　川越駅前 - Saitama; 15 Mar 26 - チェルモサード - Kanagawa; 21 Mar 26 - ブックオフ　札幌南2条店 - Hokkaido; 20 Mar 26 - ブックオフ　西尾下町店 - Aichi; 20 Mar 26 - TSUTAYA西友町田店 - Tōkyō; 23 Mar 26 - BOOKOFF SUPER BAZAAR 307号枚方池之宮店 - Ōsaka; 15 Mar 26 - トーナメントセンターバトロコ　新津田沼駅前 - Chiba; 21 Mar 26 - 蔦屋書店　茂原店 - Chiba; 21 Mar 26 - 宝島　高蔵寺店 - Aichi"
Clefairy Ogerpon;City League (JP);22;7,32;1;16;"23 Mar 26 - 秋葉原チェルモ - Tōkyō; 20 Mar 26 - ドラゴンスター池袋店 - Tōkyō; 22 Mar 26 - チェルモサード - Kanagawa; 16 Mar 26 - TSUTAYA西友町田店 - Tōkyō; 22 Mar 26 - TSUTAYA三島店 - Shizuoka; 15 Mar 26 - 王の洞窟jr.　一宮２２号バイパス店 - Aichi; 15 Mar 26 - ポケ堂　仙台店 - Miyagi; 22 Mar 26 - 竜星のPAO　大宮店 - Saitama; 15 Mar 26 - トーナメントセンターバトロコ　横浜伊勢佐木町 - Kanagawa; 20 Mar 26 - TCG桜華 - Ehime; 15 Mar 26 - BOOKOFF SUPER BAZAAR 松戸駅東口店 - Chiba; 21 Mar 26 - カードショップ　海賊船-starch- - Gifu; 21 Mar 26 - 【CARDBOX】おもちゃのバンビ　本郷店 - Toyama; 20 Mar 26 - カードショップ竜星のPAO　立川店 - Tōkyō; 14 Mar 26 - ブックオフイオン山形北店 - Yamagata; 17 Mar 26 - トレカショップ竜のしっぽ　布施店 - Ōsaka; 15 Mar 26 - カードショップリドル京急蒲田店 - Tōkyō; 15 Mar 26 - 竜星のPAO　八王子店 - Tōkyō; 21 Mar 26 - Wonder GOO　入間店 - Saitama; 21 Mar 26 - 宝島　高蔵寺店 - Aichi; 22 Mar 26 - 竜星の嵐　小倉駅前店 - Fukuoka"
Dragapult;City League (JP);22;7,27;2;16;"15 Mar 26 - ビデオ100　徳島藍住店 - Tokushima; 23 Mar 26 - 秋葉原チェルモ - Tōkyō; 20 Mar 26 - トイコンプ　住道店 - Ōsaka; 15 Mar 26 - BOOKOFFSUPERBAZAARノースポート・モール店 - Kanagawa; 22 Mar 26 - Duel Stade Ganryu　ひたち野うしく店 - Ibaraki; 22 Mar 26 - チェルモサード - Kanagawa; 14 Mar 26 - ドラゴンスター日本橋3号店 - Ōsaka; 15 Mar 26 - ポケ堂　仙台店 - Miyagi; 15 Mar 26 - BOOKOFF奈良法華寺店 - Nara; 18 Mar 26 - ドラゴンスター日本橋2号店 - Ōsaka; 22 Mar 26 - フルコンプPLAYERS CENTER札幌駅前店 - Hokkaido; 21 Mar 26 - トーナメントセンターバトロコ　川崎駅前 - Kanagawa; 20 Mar 26 - ブックオフ　西尾下町店 - Aichi; 20 Mar 26 - 竜星の嵐　名古屋店 - Aichi; 14 Mar 26 - オレタン福岡天神店 - Fukuoka; 21 Mar 26 - トーナメントセンターバトロコ　新津田沼駅前 - Chiba; 21 Mar 26 - Wonder GOO　入間店 - Saitama; 21 Mar 26 - 宝島　高蔵寺店 - Aichi; 17 Mar 26 - トーナメントセンターバトロコ　柏駅前 - Chiba; 22 Mar 26 - 竜星の嵐　小倉駅前店 - Fukuoka"
Mega Venusaur Ogerpon;City League (JP);21;9,9;2;16;"19 Mar 26 - BOOKOFF奈良法華寺店 - Nara; 15 Mar 26 - ビデオ100　徳島藍住店 - Tokushima; 14 Mar 26 - GIRAFULL 広島ドンキ店 - Hiroshima; 22 Mar 26 - Duel Stade Ganryu　ひたち野うしく店 - Ibaraki; 21 Mar 26 - Wonder GOO　いわき鹿島店 - Fukushima; 15 Mar 26 - トーナメントセンターバトロコ　水戸駅前 - Ibaraki; 15 Mar 26 - TSUTAYA BOOKSTORE　そよら成田ニュータウン - Chiba; 15 Mar 26 - トレカステーション佐鳴台店 - Shizuoka; 22 Mar 26 - 竜星のPAO　大宮店 - Saitama; 15 Mar 26 - トーナメントセンターバトロコ　横浜伊勢佐木町 - Kanagawa; 21 Mar 26 - 青馬堂本店 - Kanagawa; 21 Mar 26 - カードショップ　海賊船-starch- - Gifu; 14 Mar 26 - BOOKOFF SUPER BAZAAR 248号西友岡崎店 - Aichi; 20 Mar 26 - TSUTAYA西友町田店 - Tōkyō; 18 Mar 26 - Card Secret - Tōkyō; 20 Mar 26 - カードショップ＠ほ～む。鹿児島店 - Kagoshima; 21 Mar 26 - トーナメントセンターバトロコ　新津田沼駅前 - Chiba; 20 Mar 26 - GIRAFULLなんば店 - Ōsaka; 17 Mar 26 - 【CARDBOX】青馬堂矢向店 - Kanagawa; 14 Mar 26 - ゲームアーク　丸亀店 - Kagawa; 17 Mar 26 - トーナメントセンターバトロコ　柏駅前 - Chiba"
Zoroark;City League (JP);20;8,35;1;16;"16 Mar 26 - TSUTAYA西友町田店 - Tōkyō; 22 Mar 26 - トレカショップVOW - Shiga; 14 Mar 26 - Duel Stade Ganryu　高崎店 - Gunma; 15 Mar 26 - トーナメントセンターバトロコ　高崎駅前 - Gunma; 15 Mar 26 - TSUTAYA BOOKSTORE　そよら成田ニュータウン - Chiba; 21 Mar 26 - トレカショップKCC - Saitama; 15 Mar 26 - チェルモサード - Kanagawa; 20 Mar 26 - フルコンプ　PLAYERS CENTER　八王子本店 - Tōkyō; 19 Mar 26 - ドラゴンスター日本橋3号店 - Ōsaka; 22 Mar 26 - 竜星のPAO　大宮店 - Saitama; 14 Mar 26 - ブックオフプラス佐賀南部バイパス店 - Saga; 22 Mar 26 - トレカショップ竜のしっぽ　姫路店 - Hyōgo; 14 Mar 26 - BOOKOFFSUPERBAZAARアクロスプラザ佐世保店 - Nagasaki; 22 Mar 26 - フルコンプPLAYERS CENTER札幌駅前店 - Hokkaido; 17 Mar 26 - トーナメントセンターバトロコ　柏駅前 - Chiba; 21 Mar 26 - フルコンプ千葉店 - Chiba; 15 Mar 26 - 【CARDBOX】津店 - Mie"
Mega Lucario Solrock;City League (JP);20;9,05;1;16;"14 Mar 26 - トーナメントセンターバトロコ　本厚木駅前 - Kanagawa; 21 Mar 26 - トレカショップKCC - Saitama; 14 Mar 26 - カードショップ竜星のPAO多摩境店 - Tōkyō; 15 Mar 26 - BOOKOFFSUPERBAZAARノースポート・モール店 - Kanagawa; 16 Mar 26 - TSUTAYA西友町田店 - Tōkyō; 14 Mar 26 - ドラゴンスター日本橋3号店 - Ōsaka; 15 Mar 26 - ポケ堂　仙台店 - Miyagi; 20 Mar 26 - BOOKOFFSUPERBAZAARノースポート・モール店 - Kanagawa; 20 Mar 26 - TCG桜華 - Ehime; 21 Mar 26 - ブックオフ　札幌南2条店 - Hokkaido; 20 Mar 26 - 三洋堂書店　乙川店 - Aichi; 19 Mar 26 - ドラゴンスター日本橋3号店 - Ōsaka; 14 Mar 26 - BOOKOFF SUPER BAZAAR 248号西友岡崎店 - Aichi; 22 Mar 26 - トレカショップ竜のしっぽ　姫路店 - Hyōgo; 21 Mar 26 - Card Secret - Tōkyō; 15 Mar 26 - トーナメントセンターバトロコ　新津田沼駅前 - Chiba; 22 Mar 26 - バトロコミニ前橋文京店 - Gunma; 21 Mar 26 - Wonder GOO　入間店 - Saitama; 22 Mar 26 - 宝島　長久手店 - Aichi"
Ogerpon Noctowl;City League (JP);20;6,9;1;16;"14 Mar 26 - Duel Stade Ganryu　高崎店 - Gunma; 22 Mar 26 - BOOKOFF SUPER BAZAAR 1号京都伏見店 - Kyōto; 20 Mar 26 - 遊ING　熊本上通り店 - Kumamoto; 18 Mar 26 - BOOKOFFSUPERBAZAAR54号広島八木店 - Hiroshima; 15 Mar 26 - トレカステーション佐鳴台店 - Shizuoka; 20 Mar 26 - フルコンプ　PLAYERS CENTER　八王子本店 - Tōkyō; 15 Mar 26 - TSUTAYA嵐山店 - Saitama; 22 Mar 26 - 竜星のPAO　大宮店 - Saitama; 22 Mar 26 - Wonder GOO　足利店 - Tochigi; 20 Mar 26 - GIRAFULLなんば店 - Ōsaka; 20 Mar 26 - BOOKOFFSUPERBAZAARノースポート・モール店 - Kanagawa; 20 Mar 26 - トイコンプ　住道店 - Ōsaka; 21 Mar 26 - Wonder GOO　入間店 - Saitama; 18 Mar 26 - ドラゴンスター日本橋2号店 - Ōsaka; 21 Mar 26 - 宝島　高蔵寺店 - Aichi; 22 Mar 26 - チェルモサード - Kanagawa"
Noctowl Flareon;City League (JP);19;6,68;1;16;"22 Mar 26 - トレカショップVOW - Shiga; 22 Mar 26 - トレカステーション領家店 - Shizuoka; 21 Mar 26 - トレカショップKCC - Saitama; 21 Mar 26 - カードショップ　海賊船-starch- - Gifu; 21 Mar 26 - 宝島　高蔵寺店 - Aichi; 18 Mar 26 - GIRAFULL京都店 - Kyōto; 14 Mar 26 - カードショップ竜星のPAO多摩境店 - Tōkyō; 20 Mar 26 - 三洋堂書店　乙川店 - Aichi; 22 Mar 26 - 竜星のPAO　大宮店 - Saitama; 22 Mar 26 - 【CARDBOX】本の王国すまいるキング　安城店 - Aichi; 14 Mar 26 - ブックオフプラス佐賀南部バイパス店 - Saga; 15 Mar 26 - BOOKOFF　イオン橋本 - Kanagawa; 20 Mar 26 - トレカショップKCC - Saitama; 18 Mar 26 - ドラゴンスター日本橋2号店 - Ōsaka; 14 Mar 26 - ゲームアーク　丸亀店 - Kagawa; 22 Mar 26 - チェルモサード - Kanagawa; 18 Mar 26 - Card Secret - Tōkyō"
Ogerpon Clefairy;City League (JP);18;7,72;1;16;"22 Mar 26 - トレカショップVOW - Shiga; 22 Mar 26 - トレカステーション領家店 - Shizuoka; 15 Mar 26 - TSUTAYA BOOKSTORE　そよら成田ニュータウン - Chiba; 19 Mar 26 - BOOKOFF奈良法華寺店 - Nara; 23 Mar 26 - BOOKOFF SUPER BAZAAR 307号枚方池之宮店 - Ōsaka; 14 Mar 26 - ドラゴンスター日本橋3号店 - Ōsaka; 20 Mar 26 - 三洋堂書店　乙川店 - Aichi; 15 Mar 26 - トイニティ長岡E・PLAZA店 - Niigata; 15 Mar 26 - カードショップリドル京急蒲田店 - Tōkyō; 14 Mar 26 - 宝島　岐阜本店 - Gifu; 21 Mar 26 - トーナメントセンターバトロコ新潟万代 - Niigata; 22 Mar 26 - バトロコミニ前橋文京店 - Gunma; 21 Mar 26 - Wonder GOO　入間店 - Saitama; 22 Mar 26 - 宝島　長久手店 - Aichi; 15 Mar 26 - トーナメントセンターバトロコ　水戸駅前 - Ibaraki; 17 Mar 26 - トレカショップ　スキップ玉出店 - Ōsaka; 20 Mar 26 - TCG桜華 - Ehime"
Mega Starmie Mega Froslass;City League (JP);16;7,81;1;16;"15 Mar 26 - BOOKOFF SUPER BAZAAR 松戸駅東口店 - Chiba; 23 Mar 26 - 秋葉原チェルモ - Tōkyō; 15 Mar 26 - 王の洞窟jr.　一宮２２号バイパス店 - Aichi; 21 Mar 26 - Card Secret - Tōkyō; 15 Mar 26 - トーナメントセンターバトロコ　横浜伊勢佐木町 - Kanagawa; 22 Mar 26 - BOOKOFF 250号東岡山店 - Okayama; 21 Mar 26 - トーナメントセンターバトロコ新潟万代 - Niigata; 20 Mar 26 - GIRAFULLなんば店 - Ōsaka; 14 Mar 26 - BOOKOFFSUPERBAZAARアクロスプラザ佐世保店 - Nagasaki; 14 Mar 26 - 三洋堂書店 星川店 - Mie; 17 Mar 26 - 【CARDBOX】青馬堂矢向店 - Kanagawa; 20 Mar 26 - TSUTAYA西友町田店 - Tōkyō; 21 Mar 26 - フルコンプ千葉店 - Chiba"
Honchkrow Porygon2;City League (JP);15;8,6;1;16;"15 Mar 26 - BOOKOFF SUPER BAZAAR 松戸駅東口店 - Chiba; 22 Mar 26 - トーナメントセンターバトロコ　川越駅前 - Saitama; 23 Mar 26 - 秋葉原チェルモ - Tōkyō; 15 Mar 26 - 王の洞窟jr.　一宮２２号バイパス店 - Aichi; 20 Mar 26 - 三洋堂書店　乙川店 - Aichi; 15 Mar 26 - BOOKOFF奈良法華寺店 - Nara; 15 Mar 26 - TSUTAYA嵐山店 - Saitama; 14 Mar 26 - 宝島　岐阜本店 - Gifu; 22 Mar 26 - 【CARDBOX】本の王国すまいるキング　安城店 - Aichi; 15 Mar 26 - BOOKOFF　イオン橋本 - Kanagawa; 21 Mar 26 - トーナメントセンターバトロコ新潟万代 - Niigata; 22 Mar 26 - 宝島　長久手店 - Aichi; 15 Mar 26 - 【CARDBOX】津店 - Mie"
Mega Greninja Dragapult;City League (JP);15;8,6;1;16;"22 Mar 26 - トレカステーション領家店 - Shizuoka; 15 Mar 26 - トーナメントセンターバトロコ　高崎駅前 - Gunma; 22 Mar 26 - 竜星の嵐　小倉駅前店 - Fukuoka; 21 Mar 26 - カードショップ　海賊船-starch- - Gifu; 23 Mar 26 - 秋葉原チェルモ - Tōkyō; 14 Mar 26 - トレカショップKCC - Saitama; 14 Mar 26 - GIRAFULL 広島ドンキ店 - Hiroshima; 15 Mar 26 - BOOKOFF奈良法華寺店 - Nara; 22 Mar 26 - 【CARDBOX】本の王国すまいるキング　安城店 - Aichi; 21 Mar 26 - 蔦屋書店　茂原店 - Chiba; 20 Mar 26 - カードショップ＠ほ～む。鹿児島店 - Kagoshima; 14 Mar 26 - カードショップリドル京急蒲田店 - Tōkyō; 20 Mar 26 - カードショップ竜星のPAO　立川店 - Tōkyō; 21 Mar 26 - 宝島　高蔵寺店 - Aichi; 15 Mar 26 - 【CARDBOX】津店 - Mie"
Metagross Genesect;City League (JP);14;7,71;1;16;"14 Mar 26 - Duel Stade Ganryu　高崎店 - Gunma; 15 Mar 26 - トーナメントセンターバトロコ　高崎駅前 - Gunma; 21 Mar 26 - トレカショップKCC - Saitama; 15 Mar 26 - トレカステーション佐鳴台店 - Shizuoka; 22 Mar 26 - TSUTAYA三島店 - Shizuoka; 15 Mar 26 - 王の洞窟jr.　一宮２２号バイパス店 - Aichi; 14 Mar 26 - ブックオフプラス佐賀南部バイパス店 - Saga; 15 Mar 26 - BOOKOFF　イオン橋本 - Kanagawa; 22 Mar 26 - 三洋堂書店　みのかも店 - Gifu; 22 Mar 26 - トレカショップ竜のしっぽ　姫路店 - Hyōgo; 20 Mar 26 - ブックオフプラス浜北店 - Shizuoka; 20 Mar 26 - GIRAFULLなんば店 - Ōsaka; 17 Mar 26 - トレカショップ　スキップ玉出店 - Ōsaka; 14 Mar 26 - ブックオフ イトーヨカドー溝ノ口店 - Kanagawa"
Slowking Latias;City League (JP);14;7,43;2;16;"14 Mar 26 - Duel Stade Ganryu　高崎店 - Gunma; 15 Mar 26 - トーナメントセンターバトロコ　高崎駅前 - Gunma; 21 Mar 26 - 【CARDBOX】おもちゃのバンビ　本郷店 - Toyama; 22 Mar 26 - 【CARDBOX】カードボックス　福山店 - Hiroshima; 21 Mar 26 - ブックオフ　札幌南2条店 - Hokkaido; 15 Mar 26 - トイニティ長岡E・PLAZA店 - Niigata; 15 Mar 26 - ポケ堂　仙台店 - Miyagi; 15 Mar 26 - TSUTAYA嵐山店 - Saitama; 15 Mar 26 - カードショップリドル京急蒲田店 - Tōkyō; 22 Mar 26 - 【CARDBOX】本の王国すまいるキング　安城店 - Aichi; 20 Mar 26 - ドラゴンスター池袋店 - Tōkyō; 18 Mar 26 - ドラゴンスター日本橋2号店 - Ōsaka; 20 Mar 26 - TSUTAYA西友町田店 - Tōkyō; 14 Mar 26 - ブックオフ イトーヨカドー溝ノ口店 - Kanagawa"
Dragapult Mega Kangaskhan;City League (JP);14;8,0;1;14;"21 Mar 26 - BOOKOFFSUPERBAZAAR大宮ステラタウン店 - Saitama; 21 Mar 26 - トレカショップKCC - Saitama; 22 Mar 26 - バトスタ長野駅前店 - Nagano; 22 Mar 26 - 【CARDBOX】カードボックス　福山店 - Hiroshima; 14 Mar 26 - 【CARDBOX】玉島店 - Okayama; 15 Mar 26 - カードショップリドル京急蒲田店 - Tōkyō; 20 Mar 26 - カードショップ＠ほ～む。鹿児島店 - Kagoshima; 20 Mar 26 - トーナメントセンターバトロコ　高田馬場 - Tōkyō; 20 Mar 26 - GIRAFULLなんば店 - Ōsaka; 20 Mar 26 - BOOKOFFSUPERBAZAARノースポート・モール店 - Kanagawa; 17 Mar 26 - トレカショップ　スキップ玉出店 - Ōsaka; 14 Mar 26 - ブックオフプラス　田富昭和通り店 - Yamanashi; 20 Mar 26 - TSUTAYA土佐道路店 - Kōchi; 14 Mar 26 - カードショップリドル京急蒲田店 - Tōkyō"
Dipplin Thwackey;City League (JP);12;5,58;1;16;"14 Mar 26 - ドラゴンスター日本橋3号店 - Ōsaka; 21 Mar 26 - カードショップ　海賊船-starch- - Gifu; 15 Mar 26 - 【CARDBOX】Booksあんとく　三潴店 - Fukuoka; 21 Mar 26 - ブックオフ　札幌南2条店 - Hokkaido; 15 Mar 26 - 王の洞窟jr.　一宮２２号バイパス店 - Aichi; 20 Mar 26 - フルコンプ　PLAYERS CENTER　八王子本店 - Tōkyō; 20 Mar 26 - ドラゴンスター池袋店 - Tōkyō; 14 Mar 26 - BOOKOFF SUPER BAZAAR 248号西友岡崎店 - Aichi; 22 Mar 26 - 竜星のPAO　大宮店 - Saitama; 22 Mar 26 - Wonder GOO　足利店 - Tochigi; 22 Mar 26 - トーナメントセンターバトロコ　柏駅前 - Chiba; 14 Mar 26 - ブックオフ イトーヨカドー溝ノ口店 - Kanagawa"
Ogerpon Ogerpon-Wellspring;City League (JP);11;7,27;1;15;"15 Mar 26 - TSUTAYA BOOKSTORE　そよら成田ニュータウン - Chiba; 15 Mar 26 - トレカステーション佐鳴台店 - Shizuoka; 15 Mar 26 - 王の洞窟jr.　一宮２２号バイパス店 - Aichi; 15 Mar 26 - トーナメントセンターバトロコ　新津田沼駅前 - Chiba; 15 Mar 26 - BOOKOFF　イオン橋本 - Kanagawa; 20 Mar 26 - GIRAFULLなんば店 - Ōsaka; 14 Mar 26 - BOOKOFFSUPERBAZAARアクロスプラザ佐世保店 - Nagasaki; 22 Mar 26 - トーナメントセンターバトロコ　柏駅前 - Chiba; 21 Mar 26 - 宝島　高蔵寺店 - Aichi; 19 Mar 26 - ドラゴンスター町田店 - Tōkyō; 16 Mar 26 - TSUTAYA西友町田店 - Tōkyō"
Greninja Dusknoir;City League (JP);11;7,91;1;15;"21 Mar 26 - BOOKOFFSUPERBAZAAR大宮ステラタウン店 - Saitama; 14 Mar 26 - BOOKOFF SUPER BAZAAR 307号枚方池之宮店 - Ōsaka; 15 Mar 26 - チェルモサード - Kanagawa; 15 Mar 26 - カードスタジアム小禄店 - Okinawa; 14 Mar 26 - GIRAFULL 広島ドンキ店 - Hiroshima; 20 Mar 26 - TSUTAYA光吉店 - Ōita; 18 Mar 26 - ドラゴンスター日本橋2号店 - Ōsaka; 22 Mar 26 - チェルモサード - Kanagawa; 20 Mar 26 - TSUTAYA土佐道路店 - Kōchi"
Archaludon;City League (JP);11;7,91;3;16;"20 Mar 26 - 竜星の嵐　高松店 - Kagawa; 14 Mar 26 - トーナメントセンターバトロコ　本厚木駅前 - Kanagawa; 22 Mar 26 - トーナメントセンターバトロコ　川越駅前 - Saitama; 22 Mar 26 - 【CARDBOX】Super KaBoS 敦賀店 - Fukui; 14 Mar 26 - BOOKOFFSUPERBAZAAR町田中央通り店 - Tōkyō; 22 Mar 26 - 竜星のPAO　大宮店 - Saitama; 22 Mar 26 - トレカショップ竜のしっぽ　姫路店 - Hyōgo; 20 Mar 26 - ブックオフプラス浜北店 - Shizuoka; 20 Mar 26 - GIRAFULLなんば店 - Ōsaka; 14 Mar 26 - BOOKOFFSUPERBAZAARアクロスプラザ佐世保店 - Nagasaki; 18 Mar 26 - GIRAFULL京都店 - Kyōto"
Ogerpon Meowth;City League (JP);10;9,0;3;16;"20 Mar 26 - 遊ING　熊本上通り店 - Kumamoto; 22 Mar 26 - BOOKOFF 250号東岡山店 - Okayama; 14 Mar 26 - カードショップリドル京急蒲田店 - Tōkyō; 20 Mar 26 - TSUTAYA光吉店 - Ōita; 21 Mar 26 - 宝島　高蔵寺店 - Aichi; 15 Mar 26 - カードスタジアム小禄店 - Okinawa; 21 Mar 26 - Wonder GOO　いわき鹿島店 - Fukushima; 19 Mar 26 - ドラゴンスター町田店 - Tōkyō; 22 Mar 26 - 竜星の嵐　小倉駅前店 - Fukuoka"
Ogerpon Mega Venusaur;City League (JP);10;8,6;2;16;"15 Mar 26 - BOOKOFF SUPER BAZAAR 松戸駅東口店 - Chiba; 21 Mar 26 - Wonder GOO　いわき鹿島店 - Fukushima; 20 Mar 26 - トレカショップKCC - Saitama; 14 Mar 26 - ブックオフプラス佐賀南部バイパス店 - Saga; 21 Mar 26 - トーナメントセンターバトロコ　川崎駅前 - Kanagawa; 21 Mar 26 - 宝島　高蔵寺店 - Aichi; 15 Mar 26 - トーナメントセンターバトロコ　水戸駅前 - Ibaraki; 14 Mar 26 - ブックオフ イトーヨカドー溝ノ口店 - Kanagawa"
Dusknoir Mega Diancie;City League (JP);10;9,9;6;16;"20 Mar 26 - 竜星の嵐　高松店 - Kagawa; 14 Mar 26 - オレタン福岡天神店 - Fukuoka; 14 Mar 26 - BOOKOFF SUPER BAZAAR 248号西友岡崎店 - Aichi; 21 Mar 26 - トーナメントセンターバトロコ　新津田沼駅前 - Chiba; 22 Mar 26 - 三洋堂書店　みのかも店 - Gifu; 20 Mar 26 - トーナメントセンターバトロコ　高田馬場 - Tōkyō; 19 Mar 26 - ドラゴンスター町田店 - Tōkyō; 17 Mar 26 - 【CARDBOX】青馬堂矢向店 - Kanagawa; 20 Mar 26 - TSUTAYA西友町田店 - Tōkyō; 21 Mar 26 - フルコンプ千葉店 - Chiba"
Mega Sharpedo Toxtricity;City League (JP);9;11,0;2;15;"23 Mar 26 - BOOKOFF SUPER BAZAAR 307号枚方池之宮店 - Ōsaka; 21 Mar 26 - 青馬堂本店 - Kanagawa; 22 Mar 26 - バトスタ長野駅前店 - Nagano; 14 Mar 26 - トレカショップKCC - Saitama; 14 Mar 26 - BOOKOFF SUPER BAZAAR 248号西友岡崎店 - Aichi; 15 Mar 26 - トーナメントセンターバトロコ　横浜伊勢佐木町 - Kanagawa; 22 Mar 26 - バトロコミニ前橋文京店 - Gunma; 14 Mar 26 - ゲームアーク　丸亀店 - Kagawa; 15 Mar 26 - ドラゴンスター神戸三宮店 - Hyōgo"
Grimmsnarl Froslass;City League (JP);9;9,11;5;14;"14 Mar 26 - BOOKOFF SUPER BAZAAR 307号枚方池之宮店 - Ōsaka; 15 Mar 26 - TSUTAYA BOOKSTORE　そよら成田ニュータウン - Chiba; 21 Mar 26 - Wonder GOO　いわき鹿島店 - Fukushima; 20 Mar 26 - TSUTAYA光吉店 - Ōita; 17 Mar 26 - 【CARDBOX】青馬堂矢向店 - Kanagawa; 22 Mar 26 - トーナメントセンターバトロコ　柏駅前 - Chiba; 14 Mar 26 - ブックオフプラス　田富昭和通り店 - Yamanashi; 15 Mar 26 - トーナメントセンターバトロコ　水戸駅前 - Ibaraki; 15 Mar 26 - ドラゴンスター神戸三宮店 - Hyōgo"
Slowking Mega Slowbro;City League (JP);9;7,44;1;15;"20 Mar 26 - TCG桜華 - Ehime; 14 Mar 26 - ドラゴンスター日本橋3号店 - Ōsaka; 20 Mar 26 - フルコンプ　PLAYERS CENTER　八王子本店 - Tōkyō; 14 Mar 26 - 【CARDBOX】玉島店 - Okayama; 15 Mar 26 - TSUTAYA嵐山店 - Saitama; 20 Mar 26 - ドラゴンスター池袋店 - Tōkyō; 21 Mar 26 - 宝島　高蔵寺店 - Aichi; 22 Mar 26 - 宝島　長久手店 - Aichi; 22 Mar 26 - 竜星の嵐　小倉駅前店 - Fukuoka"
Mega Absol Mega Kangaskhan;City League (JP);7;7,86;1;16;"15 Mar 26 - BOOKOFF SUPER BAZAAR 松戸駅東口店 - Chiba; 16 Mar 26 - ドラゴンスター秋葉原駅前店 - Tōkyō; 15 Mar 26 - トイニティ長岡E・PLAZA店 - Niigata; 22 Mar 26 - 三洋堂書店　みのかも店 - Gifu; 21 Mar 26 - Wonder GOO　入間店 - Saitama; 20 Mar 26 - 竜星の嵐　名古屋店 - Aichi; 17 Mar 26 - トレカショップ　スキップ玉出店 - Ōsaka"
Mega Lucario;City League (JP);7;8,71;5;14;"21 Mar 26 - BOOKOFFSUPERBAZAAR大宮ステラタウン店 - Saitama; 14 Mar 26 - Duel Stade Ganryu　高崎店 - Gunma; 15 Mar 26 - 王の洞窟jr.　一宮２２号バイパス店 - Aichi; 15 Mar 26 - トーナメントセンターバトロコ　新津田沼駅前 - Chiba; 21 Mar 26 - Wonder GOO　入間店 - Saitama; 14 Mar 26 - ゲームアーク　丸亀店 - Kagawa; 18 Mar 26 - Card Secret - Tōkyō"
Raging-Bolt Ogerpon;City League (JP);7;7,57;2;11;"21 Mar 26 - 青馬堂本店 - Kanagawa; 20 Mar 26 - トレカショップKCC - Saitama; 20 Mar 26 - カードショップ＠ほ～む。鹿児島店 - Kagoshima; 20 Mar 26 - GIRAFULLなんば店 - Ōsaka; 20 Mar 26 - BOOKOFFSUPERBAZAARノースポート・モール店 - Kanagawa; 15 Mar 26 - カードスタジアム小禄店 - Okinawa; 20 Mar 26 - 竜星の嵐　名古屋店 - Aichi"
Dragapult Mega Greninja;City League (JP);7;7,0;2;12;"22 Mar 26 - バトスタ長野駅前店 - Nagano; 23 Mar 26 - 秋葉原チェルモ - Tōkyō; 14 Mar 26 - トレカショップKCC - Saitama; 14 Mar 26 - 【CARDBOX】玉島店 - Okayama; 22 Mar 26 - トレカショップ竜のしっぽ　姫路店 - Hyōgo; 20 Mar 26 - GIRAFULLなんば店 - Ōsaka; 18 Mar 26 - GIRAFULL京都店 - Kyōto"
Hydrapple Ogerpon;City League (JP);6;8,33;3;14;"15 Mar 26 - フルコンプ　PLAYERS CENTER　八王子本店 - Tōkyō; 20 Mar 26 - 遊ING　熊本上通り店 - Kumamoto; 14 Mar 26 - ドラゴンスター日本橋3号店 - Ōsaka; 20 Mar 26 - フルコンプ　PLAYERS CENTER　八王子本店 - Tōkyō; 15 Mar 26 - トーナメントセンターバトロコ　横浜伊勢佐木町 - Kanagawa; 15 Mar 26 - BOOKOFFSUPERBAZAARノースポート・モール店 - Kanagawa"
Metagross Empoleon;City League (JP);6;9,17;2;15;"20 Mar 26 - トレカショップKCC - Saitama; 22 Mar 26 - トーナメントセンターバトロコ　柏駅前 - Chiba; 14 Mar 26 - BOOKOFFSUPERBAZAARアクロスプラザ佐世保店 - Nagasaki; 20 Mar 26 - トイコンプ　住道店 - Ōsaka; 17 Mar 26 - トーナメントセンターバトロコ　柏駅前 - Chiba; 15 Mar 26 - ドラゴンスター神戸三宮店 - Hyōgo"
Noctowl Ogerpon;City League (JP);6;8,83;2;13;"22 Mar 26 - トレカステーション領家店 - Shizuoka; 22 Mar 26 - トレカショップVOW - Shiga; 15 Mar 26 - トーナメントセンターバトロコ　高崎駅前 - Gunma; 21 Mar 26 - トーナメントセンターバトロコ　新津田沼駅前 - Chiba; 20 Mar 26 - 竜星の嵐　名古屋店 - Aichi; 15 Mar 26 - 【CARDBOX】津店 - Mie"
Mega Kangaskhan Mega Absol;City League (JP);6;9,33;4;16;"14 Mar 26 - BOOKOFF SUPER BAZAAR 248号西友岡崎店 - Aichi; 14 Mar 26 - 宝島　岐阜本店 - Gifu; 22 Mar 26 - バトロコミニ前橋文京店 - Gunma; 22 Mar 26 - トーナメントセンターバトロコ　柏駅前 - Chiba; 20 Mar 26 - トイコンプ　住道店 - Ōsaka; 21 Mar 26 - フルコンプ千葉店 - Chiba"
Toxtricity Munkidori;City League (JP);6;8,83;5;11;"22 Mar 26 - トレカショップVOW - Shiga; 14 Mar 26 - トーナメントセンターバトロコ　本厚木駅前 - Kanagawa; 21 Mar 26 - 青馬堂本店 - Kanagawa; 14 Mar 26 - BOOKOFFSUPERBAZAAR町田中央通り店 - Tōkyō; 18 Mar 26 - GIRAFULL京都店 - Kyōto; 21 Mar 26 - Wonder GOO　いわき鹿島店 - Fukushima"
Typhlosion;City League (JP);5;9,4;2;14;"22 Mar 26 - トレカショップVOW - Shiga; 17 Mar 26 - トレカショップ竜のしっぽ　布施店 - Ōsaka; 15 Mar 26 - トレカステーション佐鳴台店 - Shizuoka; 16 Mar 26 - トレカショップVOW - Shiga; 20 Mar 26 - TSUTAYA西友町田店 - Tōkyō"
Dusknoir Jellicent;City League (JP);5;8,6;5;12;"22 Mar 26 - 竜星のPAO　大宮店 - Saitama; 14 Mar 26 - BOOKOFFSUPERBAZAAR町田中央通り店 - Tōkyō; 14 Mar 26 - トレカショップKCC - Saitama; 16 Mar 26 - TSUTAYA西友町田店 - Tōkyō"
Mega Froslass Mega Starmie;City League (JP);5;7,2;1;13;"15 Mar 26 - ビデオ100　徳島藍住店 - Tokushima; 23 Mar 26 - 秋葉原チェルモ - Tōkyō; 15 Mar 26 - 【CARDBOX】Booksあんとく　三潴店 - Fukuoka; 15 Mar 26 - ポケ堂　仙台店 - Miyagi; 15 Mar 26 - BOOKOFFSUPERBAZAARノースポート・モール店 - Kanagawa"
Mega Greninja Mega Starmie;City League (JP);5;7,8;2;12;"20 Mar 26 - 遊ING　熊本上通り店 - Kumamoto; 22 Mar 26 - Wonder GOO　足利店 - Tochigi; 15 Mar 26 - ビデオ100　徳島藍住店 - Tokushima; 20 Mar 26 - TCG桜華 - Ehime"
Mega Meganium Mega Venusaur;City League (JP);5;8,0;5;14;"17 Mar 26 - トレカショップ竜のしっぽ　布施店 - Ōsaka; 14 Mar 26 - トーナメントセンターバトロコ　本厚木駅前 - Kanagawa; 15 Mar 26 - 【CARDBOX】Booksあんとく　三潴店 - Fukuoka; 22 Mar 26 - 竜星のPAO　大宮店 - Saitama; 22 Mar 26 - 竜星の嵐　小倉駅前店 - Fukuoka"
Honchkrow Porygon-Z;City League (JP);5;10,4;2;14;"15 Mar 26 - トーナメントセンターバトロコ　高崎駅前 - Gunma; 21 Mar 26 - トーナメントセンターバトロコ　新津田沼駅前 - Chiba; 21 Mar 26 - Wonder GOO　入間店 - Saitama; 22 Mar 26 - Duel Stade Ganryu　ひたち野うしく店 - Ibaraki; 15 Mar 26 - 【CARDBOX】津店 - Mie"
Slowking;City League (JP);5;8,8;2;15;"18 Mar 26 - BOOKOFFSUPERBAZAAR54号広島八木店 - Hiroshima; 15 Mar 26 - チェルモサード - Kanagawa; 20 Mar 26 - 宝島　可児店 - Gifu; 15 Mar 26 - 竜星のPAO　八王子店 - Tōkyō; 21 Mar 26 - Wonder GOO　いわき鹿島店 - Fukushima"
Trevenant Dubwool;City League (JP);4;10,0;5;16;"14 Mar 26 - ブックオフイオン山形北店 - Yamagata; 21 Mar 26 - 宝島　高蔵寺店 - Aichi; 16 Mar 26 - ドラゴンスター秋葉原駅前店 - Tōkyō"
Jellicent Dusknoir;City League (JP);4;7,5;3;11;"15 Mar 26 - BOOKOFF SUPER BAZAAR 松戸駅東口店 - Chiba; 22 Mar 26 - 【CARDBOX】カードボックス　福山店 - Hiroshima; 15 Mar 26 - ビデオ100　徳島藍住店 - Tokushima; 22 Mar 26 - TSUTAYA三島店 - Shizuoka"
Dragapult Munkidori;City League (JP);4;9,75;3;14;"22 Mar 26 - トレカショップ竜のしっぽ　姫路店 - Hyōgo; 15 Mar 26 - 王の洞窟jr.　一宮２２号バイパス店 - Aichi; 14 Mar 26 - オレタン福岡天神店 - Fukuoka; 18 Mar 26 - BOOKOFFSUPERBAZAAR54号広島八木店 - Hiroshima"
Yanmega Dudunsparce;City League (JP);4;4,0;1;8;"21 Mar 26 - BOOKOFFSUPERBAZAAR大宮ステラタウン店 - Saitama; 20 Mar 26 - 遊ING　熊本上通り店 - Kumamoto; 15 Mar 26 - TSUTAYA BOOKSTORE　そよら成田ニュータウン - Chiba; 20 Mar 26 - GIRAFULLなんば店 - Ōsaka"
Ceruledge Solrock;City League (JP);4;9,25;5;12;"20 Mar 26 - ブックオフプラス浜北店 - Shizuoka; 20 Mar 26 - トーナメントセンターバトロコ　高田馬場 - Tōkyō; 15 Mar 26 - ポケ堂　仙台店 - Miyagi"
Mega Starmie Drakloak;City League (JP);4;9,75;1;16;"20 Mar 26 - トレカショップKCC - Saitama; 21 Mar 26 - トーナメントセンターバトロコ新潟万代 - Niigata; 20 Mar 26 - GIRAFULLなんば店 - Ōsaka; 15 Mar 26 - 【CARDBOX】津店 - Mie"
Trevenant;City League (JP);4;8,0;2;14;"15 Mar 26 - BOOKOFFSUPERBAZAARノースポート・モール店 - Kanagawa; 19 Mar 26 - ドラゴンスター日本橋3号店 - Ōsaka; 22 Mar 26 - フルコンプPLAYERS CENTER札幌駅前店 - Hokkaido; 14 Mar 26 - BOOKOFF SUPER BAZAAR 307号枚方池之宮店 - Ōsaka"
Dragapult Noctowl;City League (JP);4;10,75;3;15;"17 Mar 26 - トレカショップ竜のしっぽ　布施店 - Ōsaka; 15 Mar 26 - トーナメントセンターバトロコ　高崎駅前 - Gunma; 22 Mar 26 - 三洋堂書店　みのかも店 - Gifu; 15 Mar 26 - チェルモサード - Kanagawa"
Mega Greninja;City League (JP);4;7,75;3;13;"21 Mar 26 - Wonder GOO　いわき鹿島店 - Fukushima; 14 Mar 26 - ゲームアーク　丸亀店 - Kagawa; 22 Mar 26 - BOOKOFF 250号東岡山店 - Okayama; 22 Mar 26 - フルコンプPLAYERS CENTER札幌駅前店 - Hokkaido"
Meowth Mega Kangaskhan;City League (JP);4;9,5;2;16;"21 Mar 26 - 宝島　高蔵寺店 - Aichi; 18 Mar 26 - Card Secret - Tōkyō; 14 Mar 26 - ブックオフ イトーヨカドー溝ノ口店 - Kanagawa"
Flareon Noctowl;City League (JP);3;9,67;1;16;"22 Mar 26 - トイコンプ高槻店 - Ōsaka; 16 Mar 26 - ドラゴンスター秋葉原駅前店 - Tōkyō; 15 Mar 26 - チェルモサード - Kanagawa"
Dragapult Latias;City League (JP);3;8,33;3;14;"20 Mar 26 - ブックエースTSUTAYA　勝田東石川店 - Ibaraki; 17 Mar 26 - 【CARDBOX】青馬堂矢向店 - Kanagawa; 15 Mar 26 - BOOKOFF奈良法華寺店 - Nara"
Zoroark Mega Gengar;City League (JP);3;7,0;3;9;"20 Mar 26 - 竜星の嵐　高松店 - Kagawa; 14 Mar 26 - カードショップリドル京急蒲田店 - Tōkyō; 15 Mar 26 - BOOKOFF奈良法華寺店 - Nara"
Mega Greninja Mega Kangaskhan;City League (JP);3;9,0;5;12;"14 Mar 26 - トレカショップKCC - Saitama; 20 Mar 26 - 三洋堂書店　乙川店 - Aichi; 15 Mar 26 - BOOKOFF奈良法華寺店 - Nara"
Metagross Jellicent;City League (JP);3;8,0;4;13;"15 Mar 26 - TSUTAYA BOOKSTORE　そよら成田ニュータウン - Chiba; 20 Mar 26 - トーナメントセンターバトロコ　高田馬場 - Tōkyō; 20 Mar 26 - 三洋堂書店　乙川店 - Aichi"
Zoroark Dusknoir;City League (JP);3;6,33;2;9;"22 Mar 26 - カードショップ裁龍 - Ibaraki; 20 Mar 26 - TSUTAYA土佐道路店 - Kōchi; 15 Mar 26 - 【CARDBOX】津店 - Mie"
Ceruledge Meowth;City League (JP);3;11,67;11;12;"15 Mar 26 - トーナメントセンターバトロコ　高崎駅前 - Gunma; 15 Mar 26 - BOOKOFF　イオン橋本 - Kanagawa; 22 Mar 26 - BOOKOFF 250号東岡山店 - Okayama"
Ogerpon Latias;City League (JP);3;9,33;1;16;"23 Mar 26 - 秋葉原チェルモ - Tōkyō; 22 Mar 26 - 【CARDBOX】Super KaBoS 敦賀店 - Fukui; 15 Mar 26 - 竜星のPAO　八王子店 - Tōkyō"
Mega Greninja Dusknoir;City League (JP);3;9,33;6;13;"22 Mar 26 - 【CARDBOX】本の王国すまいるキング　安城店 - Aichi; 20 Mar 26 - GIRAFULLなんば店 - Ōsaka; 15 Mar 26 - トーナメントセンターバトロコ　新津田沼駅前 - Chiba"
Mega Greninja Noctowl;City League (JP);3;12,0;5;16;"14 Mar 26 - 宝島　岐阜本店 - Gifu; 17 Mar 26 - トレカショップ竜のしっぽ　布施店 - Ōsaka; 14 Mar 26 - ゲームアーク　丸亀店 - Kagawa"
Typhlosion Dragapult;City League (JP);3;13,33;11;15;"22 Mar 26 - 【CARDBOX】カードボックス　福山店 - Hiroshima; 21 Mar 26 - 宝島　高蔵寺店 - Aichi; 22 Mar 26 - Wonder GOO　足利店 - Tochigi"
Dipplin Rillaboom;City League (JP);3;5,67;2;10;"21 Mar 26 - BOOKOFFSUPERBAZAAR大宮ステラタウン店 - Saitama; 20 Mar 26 - 竜星の嵐　名古屋店 - Aichi; 17 Mar 26 - トーナメントセンターバトロコ　柏駅前 - Chiba"
Thwackey Dipplin;City League (JP);2;9,0;5;13;"15 Mar 26 - トーナメントセンターバトロコ　横浜伊勢佐木町 - Kanagawa; 15 Mar 26 - チェルモサード - Kanagawa"
Clefairy Meowth;City League (JP);2;6,5;1;12;"20 Mar 26 - トレカショップKCC - Saitama; 15 Mar 26 - BOOKOFF奈良法華寺店 - Nara"
Okidogi Barbaracle;City League (JP);2;6,5;5;8;"14 Mar 26 - ブックオフイオン山形北店 - Yamagata; 15 Mar 26 - 王の洞窟jr.　一宮２２号バイパス店 - Aichi"
Zoroark Pecharunt;City League (JP);2;4,5;3;6;"14 Mar 26 - BOOKOFF SUPER BAZAAR 307号枚方池之宮店 - Ōsaka; 15 Mar 26 - ドラゴンスター神戸三宮店 - Hyōgo"
Arboliva Ogerpon;City League (JP);2;9,0;4;14;"15 Mar 26 - トーナメントセンターバトロコ　水戸駅前 - Ibaraki; 15 Mar 26 - ドラゴンスター神戸三宮店 - Hyōgo"
Dragapult Froslass;City League (JP);2;11,5;8;15;"22 Mar 26 - トレカショップ竜のしっぽ　姫路店 - Hyōgo; 15 Mar 26 - ドラゴンスター神戸三宮店 - Hyōgo"
Mega Kangaskhan Raging-Bolt;City League (JP);2;3,0;1;5;"15 Mar 26 - フルコンプ　PLAYERS CENTER　八王子本店 - Tōkyō; 22 Mar 26 - バトスタ長野駅前店 - Nagano"
Mega Lucario Meowth;City League (JP);2;6,5;4;9;"21 Mar 26 - Wonder GOO　入間店 - Saitama; 15 Mar 26 - トーナメントセンターバトロコ　新津田沼駅前 - Chiba"
Mega Kangaskhan Latias;City League (JP);2;9,0;9;9;"22 Mar 26 - トイコンプ高槻店 - Ōsaka; 15 Mar 26 - チェルモサード - Kanagawa"
Aegislash Genesect;City League (JP);2;9,5;6;13;"20 Mar 26 - 遊ING　熊本上通り店 - Kumamoto; 14 Mar 26 - カードショップリドル京急蒲田店 - Tōkyō"
Archaludon Cinderace;City League (JP);2;2,5;2;3;"19 Mar 26 - ドラゴンスター日本橋3号店 - Ōsaka; 22 Mar 26 - トーナメントセンターバトロコ　柏駅前 - Chiba"
Barbaracle Solrock;City League (JP);2;10,5;8;13;"22 Mar 26 - 竜星のPAO　大宮店 - Saitama; 21 Mar 26 - トーナメントセンターバトロコ新潟万代 - Niigata"
Ogerpon Meganium;City League (JP);2;4,5;3;6;"21 Mar 26 - フルコンプ千葉店 - Chiba; 21 Mar 26 - カードショップ　海賊船-starch- - Gifu"
Mega Kangaskhan Clefairy;City League (JP);2;7,5;4;11;"21 Mar 26 - Wonder GOO　入間店 - Saitama; 19 Mar 26 - ドラゴンスター町田店 - Tōkyō"
Clefairy Mega Kangaskhan;City League (JP);2;1,5;1;2;"20 Mar 26 - 竜星の嵐　高松店 - Kagawa; 21 Mar 26 - トレカショップKCC - Saitama"
Dragapult Alakazam;City League (JP);2;10,5;6;15;"20 Mar 26 - 三洋堂書店　乙川店 - Aichi; 21 Mar 26 - フルコンプ千葉店 - Chiba"
Mega Greninja Mega Froslass;City League (JP);2;12,0;10;14;"20 Mar 26 - トーナメントセンターバトロコ　高田馬場 - Tōkyō; 20 Mar 26 - TCG桜華 - Ehime"
Noctowl Ogerpon-Wellspring;City League (JP);2;13,0;11;15;"20 Mar 26 - TSUTAYA西友町田店 - Tōkyō; 20 Mar 26 - GIRAFULLなんば店 - Ōsaka"
Bellibolt Kilowattrel;City League (JP);2;10,5;5;16;"20 Mar 26 - ブックエースTSUTAYA　勝田東石川店 - Ibaraki; 17 Mar 26 - 【CARDBOX】青馬堂矢向店 - Kanagawa"
Mega Lopunny Dudunsparce;City League (JP);1;3,0;3;3;16 Mar 26 - トレカショップVOW - Shiga
Hydreigon Blaziken;City League (JP);1;14,0;14;14;16 Mar 26 - TSUTAYA西友町田店 - Tōkyō
Noctowl Latias;City League (JP);1;15,0;15;15;16 Mar 26 - TSUTAYA西友町田店 - Tōkyō
Spidops;City League (JP);1;5,0;5;5;16 Mar 26 - ドラゴンスター秋葉原駅前店 - Tōkyō
Jellicent;City League (JP);1;9,0;9;9;16 Mar 26 - ドラゴンスター秋葉原駅前店 - Tōkyō
Hydreigon Zoroark;City League (JP);1;7,0;7;7;15 Mar 26 - 【CARDBOX】Booksあんとく　三潴店 - Fukuoka
Mega Lucario Mega Kangaskhan;City League (JP);1;14,0;14;14;15 Mar 26 - 【CARDBOX】Booksあんとく　三潴店 - Fukuoka
Grimmsnarl Dusknoir;City League (JP);1;13,0;13;13;15 Mar 26 - BOOKOFF奈良法華寺店 - Nara
Metagross Mega Skarmory;City League (JP);1;6,0;6;6;15 Mar 26 - カードスタジアム小禄店 - Okinawa
Dragapult Bronzong;City League (JP);1;2,0;2;2;15 Mar 26 - ドラゴンスター神戸三宮店 - Hyōgo
Dragapult Crustle;City League (JP);1;7,0;7;7;15 Mar 26 - ドラゴンスター神戸三宮店 - Hyōgo
Toxtricity Fezandipiti;City League (JP);1;14,0;14;14;15 Mar 26 - ドラゴンスター神戸三宮店 - Hyōgo
Blaziken Mega Dragonite;City League (JP);1;4,0;4;4;15 Mar 26 - BOOKOFF イオン本牧店 - Kanagawa
Zoroark Mega Kangaskhan;City League (JP);1;7,0;7;7;15 Mar 26 - BOOKOFF イオン本牧店 - Kanagawa
Slowking Ogerpon;City League (JP);1;8,0;8;8;15 Mar 26 - BOOKOFF イオン本牧店 - Kanagawa
Alakazam Dragapult;City League (JP);1;15,0;15;15;15 Mar 26 - TSUTAYA BOOKSTORE　そよら成田ニュータウン - Chiba
Ogerpon-Wellspring Ogerpon;City League (JP);1;6,0;6;6;15 Mar 26 - ポケ堂　仙台店 - Miyagi
Mega Froslass Grimmsnarl;City League (JP);1;3,0;3;3;15 Mar 26 - トイニティ長岡E・PLAZA店 - Niigata
Zoroark Mega Dragalge;City League (JP);1;16,0;16;16;15 Mar 26 - トイニティ長岡E・PLAZA店 - Niigata
Noctowl Clefairy;City League (JP);1;4,0;4;4;15 Mar 26 - BOOKOFFSUPERBAZAARノースポート・モール店 - Kanagawa
Aegislash Dragapult;City League (JP);1;12,0;12;12;15 Mar 26 - BOOKOFF SUPER BAZAAR 松戸駅東口店 - Chiba
Meowth Ogerpon;City League (JP);1;1,0;1;1;15 Mar 26 - トーナメントセンターバトロコ　高崎駅前 - Gunma
Flygon Dudunsparce;City League (JP);1;10,0;10;10;15 Mar 26 - トーナメントセンターバトロコ　水戸駅前 - Ibaraki
Mega Slowbro Mega Diancie;City League (JP);1;7,0;7;7;15 Mar 26 - TSUTAYA嵐山店 - Saitama
Mega Clefable Aromatisse;City League (JP);1;4,0;4;4;15 Mar 26 - カードショップリドル京急蒲田店 - Tōkyō
Archaludon Meowth;City League (JP);1;8,0;8;8;15 Mar 26 - カードショップリドル京急蒲田店 - Tōkyō
Hydreigon Mega Gengar;City League (JP);1;8,0;8;8;14 Mar 26 - ゲームアーク　丸亀店 - Kagawa
Mega Lucario Lunatone;City League (JP);1;11,0;11;11;14 Mar 26 - 宝島　岐阜本店 - Gifu
Gourgeist Alakazam;City League (JP);1;15,0;15;15;14 Mar 26 - 宝島　岐阜本店 - Gifu
Solrock Munkidori;City League (JP);1;6,0;6;6;14 Mar 26 - オレタン福岡天神店 - Fukuoka
Mega Starmie Mega Greninja;City League (JP);1;13,0;13;13;14 Mar 26 - オレタン福岡天神店 - Fukuoka
Rillaboom Dipplin;City League (JP);1;5,0;5;5;14 Mar 26 - 三洋堂書店 星川店 - Mie
Mega Starmie Mega Lopunny;City League (JP);1;6,0;6;6;14 Mar 26 - 三洋堂書店 星川店 - Mie
Mega Kangaskhan Mega Audino;City League (JP);1;8,0;8;8;14 Mar 26 - 三洋堂書店 星川店 - Mie
Aegislash Metagross;City League (JP);1;12,0;12;12;14 Mar 26 - ドラゴンスター日本橋3号店 - Ōsaka
Mega Diancie Dusknoir;City League (JP);1;16,0;16;16;14 Mar 26 - ドラゴンスター日本橋3号店 - Ōsaka
Decidueye Yanmega;City League (JP);1;5,0;5;5;14 Mar 26 - BOOKOFF SUPER BAZAAR 307号枚方池之宮店 - Ōsaka
Mega Slowbro Latias;City League (JP);1;12,0;12;12;14 Mar 26 - BOOKOFF SUPER BAZAAR 248号西友岡崎店 - Aichi
Mega Lucario Dusknoir;City League (JP);1;8,0;8;8;14 Mar 26 - ブックオフ イトーヨカドー溝ノ口店 - Kanagawa
Arboliva Mega Kangaskhan;City League (JP);1;14,0;14;14;14 Mar 26 - ブックオフ イトーヨカドー溝ノ口店 - Kanagawa
Aegislash Dudunsparce;City League (JP);1;3,0;3;3;14 Mar 26 - BOOKOFFSUPERBAZAAR町田中央通り店 - Tōkyō
Yanmega Mega Kangaskhan;City League (JP);1;8,0;8;8;14 Mar 26 - BOOKOFFSUPERBAZAAR町田中央通り店 - Tōkyō
Mega Greninja Meowth;City League (JP);1;4,0;4;4;14 Mar 26 - ブックオフプラス　田富昭和通り店 - Yamanashi
Greninja Mega Froslass;City League (JP);1;5,0;5;5;14 Mar 26 - カードショップリドル京急蒲田店 - Tōkyō
Mega Dragonite Blaziken;City League (JP);1;14,0;14;14;14 Mar 26 - カードショップリドル京急蒲田店 - Tōkyō
Blaziken Clefairy;City League (JP);1;10,0;10;10;14 Mar 26 - BOOKOFFSUPERBAZAARアクロスプラザ佐世保店 - Nagasaki
Zacian-Crowned Meowth;City League (JP);1;12,0;12;12;22 Mar 26 - フルコンプPLAYERS CENTER札幌駅前店 - Hokkaido
Jellicent Clefairy;City League (JP);1;3,0;3;3;22 Mar 26 - チェルモサード - Kanagawa
Slowking Mega Kangaskhan;City League (JP);1;6,0;6;6;22 Mar 26 - トイコンプ高槻店 - Ōsaka
Spidops Crobat;City League (JP);1;3,0;3;3;22 Mar 26 - TSUTAYA三島店 - Shizuoka
Blaziken Mega Latias;City League (JP);1;10,0;10;10;22 Mar 26 - TSUTAYA三島店 - Shizuoka
Drakloak Mega Greninja;City League (JP);1;14,0;14;14;22 Mar 26 - TSUTAYA三島店 - Shizuoka
Grimmsnarl Dudunsparce;City League (JP);1;4,0;4;4;22 Mar 26 - トレカショップVOW - Shiga
Mega Kangaskhan Noctowl;City League (JP);1;6,0;6;6;22 Mar 26 - 三洋堂書店　みのかも店 - Gifu
Dudunsparce Mega Lopunny;City League (JP);1;9,0;9;9;22 Mar 26 - 三洋堂書店　みのかも店 - Gifu
Gourgeist Froslass;City League (JP);1;9,0;9;9;22 Mar 26 - 【CARDBOX】本の王国すまいるキング　安城店 - Aichi
Ceruledge Lunatone;City League (JP);1;11,0;11;11;22 Mar 26 - 【CARDBOX】本の王国すまいるキング　安城店 - Aichi
Dragapult Zacian-Crowned;City League (JP);1;10,0;10;10;22 Mar 26 - バトスタ長野駅前店 - Nagano
Pikachu Ogerpon-Wellspring;City League (JP);1;4,0;4;4;22 Mar 26 - トーナメントセンターバトロコ　柏駅前 - Chiba
Mega Diancie Latias;City League (JP);1;14,0;14;14;22 Mar 26 - BOOKOFF SUPER BAZAAR 1号京都伏見店 - Kyōto
Thwackey Mega Starmie;City League (JP);1;13,0;13;13;22 Mar 26 - 竜星の嵐　小倉駅前店 - Fukuoka
Galvantula Latias;City League (JP);1;15,0;15;15;22 Mar 26 - 竜星の嵐　小倉駅前店 - Fukuoka
Dragapult Greninja;City League (JP);1;4,0;4;4;22 Mar 26 - BOOKOFF 250号東岡山店 - Okayama
Zoroark Mega Lopunny;City League (JP);1;16,0;16;16;22 Mar 26 - トレカショップ竜のしっぽ　姫路店 - Hyōgo
Blaziken Delphox;City League (JP);1;11,0;11;11;22 Mar 26 - カードショップ裁龍 - Ibaraki
Zacian-Crowned;City League (JP);1;11,0;11;11;21 Mar 26 - 宝島　高蔵寺店 - Aichi
Mega Kangaskhan Ogerpon-Wellspring;City League (JP);1;4,0;4;4;21 Mar 26 - 蔦屋書店　茂原店 - Chiba
Mega Greninja Mega Dragonite;City League (JP);1;10,0;10;10;21 Mar 26 - 蔦屋書店　茂原店 - Chiba
Dragapult Mega Starmie;City League (JP);1;13,0;13;13;21 Mar 26 - 蔦屋書店　茂原店 - Chiba
Bronzong Froslass;City League (JP);1;14,0;14;14;21 Mar 26 - 蔦屋書店　茂原店 - Chiba
Slowking Alakazam;City League (JP);1;15,0;15;15;21 Mar 26 - 蔦屋書店　茂原店 - Chiba
Solrock Barbaracle;City League (JP);1;10,0;10;10;22 Mar 26 - トーナメントセンターバトロコ　川越駅前 - Saitama
Mega Lucario Mega Lopunny;City League (JP);1;14,0;14;14;22 Mar 26 - トーナメントセンターバトロコ　川越駅前 - Saitama
Dragapult Typhlosion;City League (JP);1;9,0;9;9;22 Mar 26 - 竜星のPAO　大宮店 - Saitama
Meowth Ogerpon-Wellspring;City League (JP);1;11,0;11;11;21 Mar 26 - 宝島　高蔵寺店 - Aichi
Hydreigon Mega Kangaskhan;City League (JP);1;3,0;3;3;21 Mar 26 - 【CARDBOX】おもちゃのバンビ　本郷店 - Toyama
Ogerpon Hydrapple;City League (JP);1;3,0;3;3;21 Mar 26 - トーナメントセンターバトロコ新潟万代 - Niigata
Mega Gardevoir Clefairy;City League (JP);1;8,0;8;8;21 Mar 26 - ブックオフ　札幌南2条店 - Hokkaido
Noctowl Dusknoir;City League (JP);1;11,0;11;11;21 Mar 26 - BOOKOFFSUPERBAZAAR大宮ステラタウン店 - Saitama
Dragapult Clefairy;City League (JP);1;11,0;11;11;21 Mar 26 - トレカショップKCC - Saitama
Greninja Dudunsparce;City League (JP);1;6,0;6;6;21 Mar 26 - 青馬堂本店 - Kanagawa
Dudunsparce Mega Greninja;City League (JP);1;8,0;8;8;21 Mar 26 - 青馬堂本店 - Kanagawa
Azumarill Noctowl;City League (JP);1;15,0;15;15;21 Mar 26 - 青馬堂本店 - Kanagawa
Greninja Meowth;City League (JP);1;3,0;3;3;21 Mar 26 - トーナメントセンターバトロコ　新津田沼駅前 - Chiba
Trevenant Zacian-Crowned;City League (JP);1;5,0;5;5;21 Mar 26 - トーナメントセンターバトロコ　川崎駅前 - Kanagawa
Metagross Latias;City League (JP);1;14,0;14;14;21 Mar 26 - トーナメントセンターバトロコ　川崎駅前 - Kanagawa
Mega Lucario Crustle;City League (JP);1;4,0;4;4;20 Mar 26 - 宝島　可児店 - Gifu
Mega Gardevoir Latias;City League (JP);1;6,0;6;6;20 Mar 26 - カードショップ＠ほ～む。鹿児島店 - Kagoshima
Greninja Mega Starmie;City League (JP);1;16,0;16;16;20 Mar 26 - カードショップ＠ほ～む。鹿児島店 - Kagoshima
Solrock;City League (JP);1;10,0;10;10;20 Mar 26 - 遊ING　熊本上通り店 - Kumamoto
Mega Floette Latias;City League (JP);1;11,0;11;11;20 Mar 26 - 遊ING　熊本上通り店 - Kumamoto
Toxtricity Mega Absol;City League (JP);1;1,0;1;1;20 Mar 26 - TCG桜華 - Ehime
Cinccino Metagross;City League (JP);1;4,0;4;4;20 Mar 26 - TCG桜華 - Ehime
Flareon Sylveon;City League (JP);1;6,0;6;6;20 Mar 26 - GIRAFULLなんば店 - Ōsaka
Garchomp;City League (JP);1;7,0;7;7;20 Mar 26 - GIRAFULLなんば店 - Ōsaka
Decidueye Vivillon;City League (JP);1;3,0;3;3;20 Mar 26 - TSUTAYA光吉店 - Ōita
Dragapult Slowking;City League (JP);1;11,0;11;11;20 Mar 26 - TSUTAYA光吉店 - Ōita
Trevenant Drakloak;City League (JP);1;14,0;14;14;20 Mar 26 - 三洋堂書店　乙川店 - Aichi
Gyarados Starmie;City League (JP);1;10,0;10;10;20 Mar 26 - BOOKOFFSUPERBAZAARノースポート・モール店 - Kanagawa
Archaludon Zacian-Crowned;City League (JP);1;6,0;6;6;20 Mar 26 - ドラゴンスター池袋店 - Tōkyō
Flareon Leafeon;City League (JP);1;7,0;7;7;20 Mar 26 - ドラゴンスター池袋店 - Tōkyō
Grimmsnarl Mega Froslass;City League (JP);1;3,0;3;3;20 Mar 26 - トレカショップKCC - Saitama
Farigiraf Bronzong;City League (JP);1;15,0;15;15;20 Mar 26 - GIRAFULLなんば店 - Ōsaka
Zacian-Crowned Latias;City League (JP);1;7,0;7;7;20 Mar 26 - ブックエースTSUTAYA　勝田東石川店 - Ibaraki
Mega Venusaur Mega Meganium;City League (JP);1;12,0;12;12;20 Mar 26 - フルコンプ　PLAYERS CENTER　八王子本店 - Tōkyō
Slowking Meowth;City League (JP);1;10,0;10;10;20 Mar 26 - TSUTAYA土佐道路店 - Kōchi
Mega Gardevoir Jellicent;City League (JP);1;13,0;13;13;20 Mar 26 - TSUTAYA土佐道路店 - Kōchi
Metagross Slowking;City League (JP);1;3,0;3;3;19 Mar 26 - BOOKOFF奈良法華寺店 - Nara
Mega Starmie Crobat;City League (JP);1;3,0;3;3;19 Mar 26 - ドラゴンスター日本橋3号店 - Ōsaka
Mega Diancie Mega Kangaskhan;City League (JP);1;6,0;6;6;19 Mar 26 - ドラゴンスター日本橋3号店 - Ōsaka
Toxtricity Pecharunt;City League (JP);1;11,0;11;11;17 Mar 26 - トーナメントセンターバトロコ　柏駅前 - Chiba
Mega Lucario Togekiss;City League (JP);1;10,0;10;10;17 Mar 26 - 【CARDBOX】青馬堂矢向店 - Kanagawa
Mega Froslass Bronzong;City League (JP);1;11,0;11;11;17 Mar 26 - 【CARDBOX】青馬堂矢向店 - Kanagawa
Mega Dragalge Dudunsparce;City League (JP);1;3,0;3;3;18 Mar 26 - GIRAFULL京都店 - Kyōto
Glaceon Mega Froslass;City League (JP);1;13,0;13;13;18 Mar 26 - GIRAFULL京都店 - Kyōto
Mega Greninja Munkidori;City League (JP);1;11,0;11;11;17 Mar 26 - トレカショップ竜のしっぽ　布施店 - Ōsaka
